<b>코로나</b> 자가진단 키트 사용 후기 : 소요 시간 15분, 정확도 98.6%	https://blog.naver.com/weekparis?Redirect=Log&logNo=222307759764	한국 정부에서 현재 논의중인 <b>코로나</b> 자가 진단 키트 사용 후기를 적어볼까함. 스위스 정부는 4월부터... 이제 누구나 쉽고 빠르게 <b>코로나</b> 감염 여부를 자가 진단할 수 있게 된 현실. 사소한 증상이라도 <b>코로나</b>... 	Tout ira Bien.	https://blog.naver.com/weekparis	20210412
불륜이혼소송, <b>코로나</b>로 인해 점차 증가되는 외도	https://blog.naver.com/dosola80?Redirect=Log&logNo=222307250430	■ 불륜이혼소송, <b>코로나</b>로 인해 점차 증가되는 외도 어느덧 2021년 4월이 된 지금, <b>코로나</b>19 확진자가 아직까지 잦아들 기미를 보이지 않고 있습니다. 현재 부산에서 유흥업소방문으로 인해 집단감염이 되어... 	법무법인 감명	https://blog.naver.com/dosola80	20210412
<b>코로나</b> 개인회생 신청을 고려중이라면	https://blog.naver.com/jangmun137?Redirect=Log&logNo=222285023632	<b>코로나</b>로 인한 경기침체가 길어지게 되니 힘겨움을 호소하는 분들의 목소리가 커지고 있습니다. 그렇다고 해서 포기하지 마시고 <b>코로나</b> 개인회생으로 도움을 받는 방법을 고려해보시길 바랍니다. 이자부분은... 	시꽃마을 모나리자	https://blog.naver.com/jangmun137	20210323
[만약에 여행] <b>코로나</b>로부터 자유로워지는 날 여러분의 선택은?	https://blog.naver.com/the_trip?Redirect=Log&logNo=222304155756	[만약에 여행] <b>코로나</b>로부터 자유로워지는 날 여러분의 선택은? 상상을 해본다. 코와 입을 뒤덮은 채... 물론 이런 상상은 <b>코로나</b>19 종식과 함께 벌어질 일이다. 사소한 듯한 일상의 꿈이 이뤄진다면 나아가... 	네이버 여행+	https://blog.naver.com/the_trip	20210409
<b>코로나</b> 백신 접종율 1위인 이스라엘을 보며 이런저런 잡념	https://blog.naver.com/wolf9717?Redirect=Log&logNo=222306888796	https://www.ytn.co.kr/_ln/0104_202104120527463176 지금 언론에 따르면 이스라엘이 <b>코로나</b> 접종 1위라고 합니다... 마스크로 <b>코로나</b> 예방은 실생활 일반인들에게는 크게 유용하지는 않다고 봅니다 암튼 마스크... 	┏ Νeνer..ＬΟＳΕ..Ηope..with God ┒	https://blog.naver.com/wolf9717	20210412
캔시머, 캔실링기로 <b>코로나</b> 극복~!	https://blog.naver.com/ysinnet?Redirect=Log&logNo=222295196774	<b>코로나</b>로 다들 어려운 시기를 겪으실거라 생각하는데 저희도 <b>코로나</b>로 인해 기존 매출이 급감하게 되고 정부지침에 따라 테이크 아웃으로만 운영하면서 어쩔 수 없는 이중고를 겪게 되더라고요. 아마 저희 뿐만... 	나노 세상으로 미래 열기, 나를 세우기(我成)	https://blog.naver.com/ysinnet	20210402
<b>코로나</b> 백신 주의사항과 부작용 정리해요	https://blog.naver.com/nurioo2003?Redirect=Log&logNo=222307343104	<b>코로나</b>백신 접종이 시작되었으나 많은 분들이 맞는 것을 두려워하기도 합니다. 접종 후 사망등의 기사가 잇따라 뜨기 시작하면서 꼭 맞아야할까 고뇌하시는 분들이 많은 것 같아요. 그래서 오늘은 <b>코로나</b> 백신... 	화초사랑	https://blog.naver.com/nurioo2003	20210412
대전 <b>코로나</b>검사 무료 한밭종합운동장 검사 후기	https://blog.naver.com/johnnmatilda?Redirect=Log&logNo=222304973204	회사에서 <b>코로나</b> 확진자가 다녀가 간접접촉자로 분류되어 혹시나 하는 마음에 대전 한밭종합운동장 무료선별진로소에 <b>코로나</b> 검사를 하러 다녀왔다. 대전 시민이라면 무증상자도 무료로 <b>코로나</b> 검사를 받을... 	청춘남녀의 세계유랑기	https://blog.naver.com/johnnmatilda	20210410
<b>코로나</b> 진단키트 관련주 완벽 정리!	https://blog.naver.com/jjy951128?Redirect=Log&logNo=222305884836	<b>코로나</b> 진단키트 관련주 총정리 <b>코로나</b> 종식의 기미는 보이지 않고, 시간이 지날수록 확진자 수는 늘어만 가고 있는데요. 올해 백신 접종이 시작되면서 회복에 대한 희망은 생겼지만, 다시 유행이 시작되고... 	팩폭 리뷰어	https://blog.naver.com/jjy951128	20210411
<b>코로나</b> 백신 접종순서 및 대상 알아보기 (ft. 2분기, 일정)	https://blog.naver.com/next200208?Redirect=Log&logNo=222286705105	오늘은 <b>코로나</b> 백신 2분기 접종순서 및 대상/일정에 대해 살펴보도록 하겠습니다. 3.24일 0시 현재, 우리나라는 요양시설 대상자 150만명 중 약 70만명이 <b>코로나</b> 백신 접종을 완료한 상태인데요. 2분기가 되면... 	꿀팁, 안선생	https://blog.naver.com/next200208	20210325
나눔문화 《<b>코로나</b>19 감춰진 진실》	https://blog.naver.com/bestladakh?Redirect=Log&logNo=222282960129	《COVID-19 감춰진 진실》 특집으로 구성된 이번 소식지에, <b>코로나</b>에 대한 &quot;다른 목소리&quot;들이... 김상수 원장의 인터뷰 기사 &quot;<b>코로나</b>19는 결코 위험한 바이러스가 아닙니다&quot;를 먼저 읽어보기를 권합니다.... 	인도 라다크 여행	https://blog.naver.com/bestladakh	20210321
<b>코로나</b> 백신 접종 후 아나필락시스 쇼크 확인하세요	https://blog.naver.com/kahp_blog?Redirect=Log&logNo=222303810986	지난 2월 <b>코로나</b>19 백신 접종이 시작된 이후 계속 언급되고 있는 ‘아나필락시스(Anaphylaxis)’는... <b>코로나</b> 백신 접종 후 15분간 알레르기 반응이 나타나는지 확인 후 귀가하시고, 전국민 백신 접종을... 	건강일기	https://blog.naver.com/kahp_blog	20210409
새로운 희망으로 가는 첫걸음, 남양주 <b>코로나</b>19 예방접종 센터	https://blog.naver.com/nyjloving?Redirect=Log&logNo=222293872815	남양주 <b>코로나</b>19 예방접종 센터인 남양주체육 문화센터에서 만 75세 이상 어르신을 대상으로 4월... 주차 후 바로 맞은편 2층에 남양주 <b>코로나</b>19 예방접종 센터가 보일 겁니다. 대중교통 및 도보 이동 시에는... 	남양주시 블로그	https://blog.naver.com/nyjloving	20210331
[<b>코로나</b>를 극복하는 역곡人 이야기] 역곡동 용서점	https://blog.naver.com/mybcf?Redirect=Log&logNo=222302036748	각자의 자리에서 <b>코로나</b>를 극복하는 역곡인들의 이야기 &lt;마을생활연구단 : 역곡풍프로젝트&gt; 본 글은... 책방에서 여러 모임을 주최하시는데 <b>코로나</b>가 터졌 을 때 심경이 어떠셨어요? 영향이 엄청나게 컸어요.... 	부천문화재단	https://blog.naver.com/mybcf	20210411
<b>코로나</b> 백신 맞기.	https://blog.naver.com/jenny402?Redirect=Log&logNo=222303553621	미국은 이미 전세계를 통틀어 엄청나게 많은 사람들이 <b>코로나</b>로 죽었다. 백신이 보급되는 이 시점에도 하루에 200여명도 넘게 죽고, 2만여명도 넘게 <b>코로나</b>에 걸린다. 몇 십명 수준이 아닌 이나라에 하루라도... 	버지니아 제뉘퐉	https://blog.naver.com/jenny402	20210409
어르신 <b>코로나</b>19 백신 예방접종 시작! 2분기 <b>코로나</b>19... 	https://blog.naver.com/gyeonggi_gov?Redirect=Log&logNo=222294003809	지난달 26일부터 시작된 1분기 <b>코로나</b>19 예방 접종에서 우선 접종 대상자 약 85만명이 1차 접종을 마쳤는데요. 오는 4월부터 2차 예방접종이 시작됩니다. <b>코로나</b>19 감염 시 중증위험이 높은 65세 이상 어르신과... 	경기도 공식 블로그	https://blog.naver.com/gyeonggi_gov	20210331
<b>코로나</b> 치료받고, 세금 낼 땐 외국인?	https://blog.naver.com/ntscafe?Redirect=Log&logNo=222286818583	<b>코로나</b>19로 모두 힘드시죠? 우리 모두가 고통을 분담하고, 이 위기를 견디고 이겨내려고 노력하고 있죠.... <b>코로나</b>19는 전 세계적으로 패닉을 몰고 올만큼 강력한 감염병이지만 우리나라는 <b>코로나</b>19 초기... 	[국세청 블로그] 아름다운 세상	https://blog.naver.com/ntscafe	20210325
<b>코로나</b>19 OUT! 학원 방역 강화	https://blog.naver.com/purunethome?Redirect=Log&logNo=222304286259	<b>코로나</b>19 감염자 수가 또 다시 점차 증가하면서, 우리 아이 건강이 걱정되실텐데요. 더 강화된 학원 방역 규정! 푸르넷 공부방과 함께 알아보겠습니다. <b>코로나</b>19를 OUT시키는 강화된 학원 방역 첫 번째, 민관... 	공부가 재밌넷! 푸르넷 공부방	https://blog.naver.com/purunethome	20210409
<b>코로나</b> 이후 해외 한달살기 네번째 나라, 그리운 필리핀	https://blog.naver.com/faminlove?Redirect=Log&logNo=222284263250	<b>코로나</b>19 백신 접종이 시작되며, 이전과는 같을 순 없겠지만 빠르면 올 겨울, 늦어도 내년 상반기 정도엔 제한적으로 나마 해외여행이 다시 재개 될 것 이라는 기대감이 생기는 요즘입니다. #<b>코로나</b>이후해외여행... 	부하들과 함께 행복더하기	https://blog.naver.com/faminlove	20210413
<b>코로나</b>19 백신, 내 접종 시기는 언제일까?	https://blog.naver.com/nhicblog?Redirect=Log&logNo=222252600112	이달 마지막 주 신종 <b>코로나</b>바이러스 감염증(<b>코로나</b>19) 백신이 국내에 공급되면서 우리나라도 접종에 착수할 예정이다. 이달 가장 먼저 <b>코로나</b>19 백신을 맞는 사람은 요양병원이나 요양시설에 입소한 환자들... 	국민건강보험 블로그⠀⠀⠀⠀⠀⠀「건강천사」	https://blog.naver.com/nhicblog	20210223
<b>코로나</b> 백신접종 후기를 들어보니..	https://blog.naver.com/yhkim444?Redirect=Log&logNo=222306920394	세계 각각이 <b>코로나</b> 백신 확보 및 접종에 심혈을 기울이는 가운데, 1차 접종률 100%, 2차 접종률 50... (source : google.com) 통상 전문가들이 언급하는 <b>코로나</b> 백신접종 후 발생할 수 있는 증상으로는 다음의 5가지... 	임금님 귀는 당나귀 귀	https://blog.naver.com/yhkim444	20210412
<b>코로나</b> 기침 증상의 정도 구별하기 (+기침 멈추는법)	https://blog.naver.com/gaogirl?Redirect=Log&logNo=222288765342	<b>코로나</b> 기침 정도 구별하기 기침 멈추는법 알아보기 기침은 인체의 자연스러운 생리 작용 중... 조금만 열이나거나 기침이라도 나오면 감기인지, 독감인지, <b>코로나</b>에 의한 기침증상이 아닐지 걱정이 될 수 밖에... 	쉼표하나	https://blog.naver.com/gaogirl	20210327
<b>코로나</b>19를 바라보며 이런저런 잡념들	https://blog.naver.com/wolf9717?Redirect=Log&logNo=222306713826	https://www.worldometers.info/coronavirus/#countries 각 나라별로 <b>코로나</b> 19에 대한 상황들을 각 통계순위로 쉽게 볼수 있는 사이트입니다 여기서 통계순위 기준을 <b>코로나</b> 신규확진자수를 기준으로 나라별... 	┏ Νeνer..ＬΟＳΕ..Ηope..with God ┒	https://blog.naver.com/wolf9717	20210412
익산시 영농인 '<b>코로나</b> 극복 바우처' 지원	https://blog.naver.com/hiksanin?Redirect=Log&logNo=222303893957	- <b>코로나</b>19 피해 농가 대상 100만원 바우처 지급 - 화훼, 겨울수박, 친환경 농산물 재배 농가 등 7개 농업 분야 지원 - 익산시는 <b>코로나</b>19 장기화로 경영에 어려움을 겪고 있는 지역 농가 지원에 나선다. 시는... 	익산시 공식 블로그	https://blog.naver.com/hiksanin	20210409
독일 판결! 학생들 NO 마스크, NO 거리두기, NO <b>코로나</b> 검사	https://blog.naver.com/bestladakh?Redirect=Log&logNo=222307226404	독일 바이마르 법원은 마스크 착용, 거리 두기, <b>코로나</b> 테스트의 효과에 대한 과학적 근거가 없고... 판결에 따라 독일 바이마르 두 학교에서 학생들의 마스크 착용, 거리 두기, <b>코로나</b> 의무 검사 명령이... 	인도 라다크 여행	https://blog.naver.com/bestladakh	20210412
<b>코로나</b>19 백신 부작용? 접종 후 이상 반응과 대처 방법	https://blog.naver.com/kescomiri?Redirect=Log&logNo=222301996989	<b>코로나</b>19가 1년 이상 장기화되면서, 올해부터 순차적으로 백신 예방접종을 실시하고 있습니다. 현재... 접종 대상을 점차 확대시켜 나가고 있는 만큼 <b>코로나</b>19 백신 부작용, 예방접종 후 이상 반응 등에 대한... 	한국전기안전공사	https://blog.naver.com/kescomiri	20210407
[WITH <b>코로나</b>] 불꽃 튀는 여행업계 캡틴 코리아 경쟁…기발한... 	https://blog.naver.com/the_trip?Redirect=Log&logNo=222286773980	[WITH <b>코로나</b>] 불꽃 튀는 여행업계 캡틴 코리아 경쟁 …기발한 아이디어 승자는? 그야말로 처참한 시간을 보내고 있다. <b>코로나</b>19의 ‘코’자만 봐도 진절머리가 난다는 이도 여럿이다. 2년째로 접어들면서... 	네이버 여행+	https://blog.naver.com/the_trip	20210325
<b>코로나</b> 음주단속 현재상황은?	https://blog.naver.com/hyunsoo2402?Redirect=Log&logNo=222303986460	&quot; <b>코로나</b> 음주단속 라는 가지면 안되는 생각들이 생겨 음주운전을 하는 분들이 몇몇계시죠 <b>코로나</b>이전엔 어떻게 처리되었지만 현재 <b>코로나</b> 시행중일때 어떠한 새로운 검사법이 있는지 확인해보겠습니다! 기존... 	차파는 사람들	https://blog.naver.com/hyunsoo2402	20210409
<b>코로나</b> 증상 순서 이것만 꼭 기억하세요	https://blog.naver.com/dreamseller7?Redirect=Log&logNo=222306829772	가장 중요한 <b>코로나</b> 증상 순서는 [발열] 이 먼저라는 것! 열이 계속 난다면?!? <b>코로나</b> 검사를 받아 보세요 <b>코로나</b> 증상 순서 주말 잘 보내셨나요? 가까운 곳으로 콧바람 쐬러 갔는데, 아.직.도 마스크를 안... 	이만블리의 즐거운 이중생활	https://blog.naver.com/dreamseller7	20210412
미주리주 <b>코로나</b>백신 접종 3단계, 16세 이상 접종 가능	https://blog.naver.com/arini00101?Redirect=Log&logNo=222305689378	4월 9일부터 phase3이 시작되어 미주리주에 거주하는 16세 이상은 누구나 <b>코로나</b> 백신을 맞을 수 있게 되었다. 미주리 컬럼비아 <b>코로나</b> 백신 어디에서 신청할 수 있나? 구글에서 “covid vaccine near me”라고... 	오늘을 담다	https://blog.naver.com/arini00101	20210411
<b>코로나</b>방역 대형업체들도 맡기는 그곳	https://blog.naver.com/sof_s?Redirect=Log&logNo=222291540489	요즘 <b>코로나</b>방역은 어디를 방문하더라도 방문자 기록 겸 QR코드를 찍는 건 물론 사업장을 운영하고 계신 분들은 필수 겸 자발적으로 <b>코로나</b>방역을 하는 것이 의무화가 되었습다. 특히 많은 사람들이 오가는... 	DT대전서울브라운치과	https://blog.naver.com/sof_s	20210329
셀리드 - <b>코로나</b> 백신 개발 이슈 관련	https://blog.naver.com/pokara61?Redirect=Log&logNo=222308049356	<b>코로나</b> 백신개발에 대해 <b>코로나</b> 백신도 결국 셀리박스에서 나온 것이다. <b>코로나</b> 바이러스를 인지하는 유도장치 기능을 하는 세포를 장착하면 되는 것이다. 참 쉽죠? 셀리드 백신이 바이러스 벡터 방식이다.... 	포카라의 실전투자	https://blog.naver.com/pokara61	20210413
서귀포시, <b>코로나</b> 극복 영농지원 바우처 신청하세요	https://blog.naver.com/seogwipo-si?Redirect=Log&logNo=222304010789	<b>코로나</b>19 영향으로 판로 제한, 매출 감소 등 경영상 어려움을 겪고 있는 농업 분야 [화훼, 겨울 수박, 학교급식 납품 친환경 농산물, 말(경주마) 생산 농가 및 농촌체험휴양마을] 지원을 위한 『<b>코로나</b> 극복... 	서귀포시	https://blog.naver.com/seogwipo-si	20210409
<b>코로나</b>19 백신 접종의 모든 것을 알려준다! 신청부터 관리까지!	https://blog.naver.com/haechiseoul?Redirect=Log&logNo=222301871492	2021년 2월 26일 많은 국민들이 기다렸던 <b>코로나</b>19 백신접종 시작되다 접종순서, 예약방법, 접종 이후 관리까지 당신이 궁금했던 <b>코로나</b>19 예방접종의 모든 것 첫 번째. 누가, 언제 접종을 받을까요? 분기별 접종... 	서울특별시 공식블로그	https://blog.naver.com/haechiseoul	20210407
<b>코로나</b>로 인한 개인회생 힘들겠지만	https://blog.naver.com/rlawldms79?Redirect=Log&logNo=222293600397	<b>코로나</b>로 인한 경제적 어려움을 겪고 있는 만큼 당 소에도 회생 관련 문의가 빗발치고 있습니다. 현재... [최근 <b>코로나</b>로 인해 감당할 수 없는 부채가 생겼다면 회생의 봄이 해결해 드리겠습니다.] <b>코로나</b>로 인해... 	법무법인 테헤란 회생전담센터	https://blog.naver.com/rlawldms79	20210331
4월 1일, 성북구 <b>코로나</b>19 예방접종센터 개소!	https://blog.naver.com/storysb?Redirect=Log&logNo=222294613685	75세 이상 어르신들의 백신접종 시작으로 4월 1일부터 본격적으로 실시되는 <b>코로나</b>19 백신 예방접종! 어디서 접종할까요? 바로~~~ 성북구청 4층 성북아트홀에 위치한 '성북구 <b>코로나</b>19 예방접종센터' 입니다! 4월... 	성북구청 공식 블로그	https://blog.naver.com/storysb	20210401
26일까지 부가세 예정신고…<b>코로나</b> 피해 사업자 제외	https://blog.naver.com/fow99?Redirect=Log&logNo=222307825899	집합금지·영업제한, 영세자영업자는 7월 확정신고만 <b>코로나</b>19로 경영이 어려운 영세 개인사업자 152만 명은 이번 4월 #부가세 예정신고를 하지 않아도 된다. 8일 국세청은 “<b>코로나</b>19 장기화와 방역조치... 	월간 세금박사	https://blog.naver.com/fow99	20210413
청주시 만 75세 이상 어르신 <b>코로나</b>19 예방접종 현장	https://blog.naver.com/cjcityblog?Redirect=Log&logNo=222299420395	청주시는 4월 1일부터 만 75세 이상 어르신들께 <b>코로나</b>19 예방접종을 진행하였습니다. 4월 1일 상당구청 3층 스포츠센터에서 <b>코로나</b>19 예방접종이 진행되었는데요 우선 적으로 75세 이상의 어르신과 노인시설... 	청주시청 공식 블로그	https://blog.naver.com/cjcityblog	20210405
<b>코로나</b>19 사망 예측, 결국은 기저질환과 나이	https://blog.naver.com/chsnuh?Redirect=Log&logNo=222299437668	중증도가 <b>코로나</b>19 환자의 사망에 큰 영향을 미치는 것으로 나타났습니다. 서울대병원 이호진 교수팀(조수익 윤수지)은 건강보험심사평가원이 공개한 자료를 토대로 연령보정 찰슨동반상병지수의 <b>코로나</b>19... 	서울대학교병원 공식블로그	https://blog.naver.com/chsnuh	20210405
<b>코로나</b> 검사 결과 시간과 검사 비용 궁금해요!	https://blog.naver.com/looh2040?Redirect=Log&logNo=222303933610	<b>코로나</b>19 증상은 감기와 독감과는 비슷하면서도 차이가 있어요. 조금이라도 의심이 된다면, 조금이라도 열이 난다면 설마~라는 생각은 뒤로하고 검사를 받으러 가야 하겠어요. <b>코로나</b>19 검사 비용은 얼마나... 	늘 꽃길	https://blog.naver.com/looh2040	20210409
<b>코로나</b> 끝나면 도전! 전세계 베스트 호텔 뷔페 4	https://blog.naver.com/the_trip?Redirect=Log&logNo=222297918440	<b>코로나</b> 시국 가장 그리운 상황이 있다면 바로 여행지에서 느긋하게 조식 뷔페를 즐기던 일이다.... 영국 매체 더 선이 <b>코로나</b> 시국에 여행자들이 가장 그리워한다는 전 세계 호텔 뷔페 베스트를 골랐다.... 	네이버 여행+	https://blog.naver.com/the_trip	20210404
<b>코로나</b> 개인회생 재정난 겪고 있다면	https://blog.naver.com/siklim?Redirect=Log&logNo=222302831739	<b>코로나</b> 개인회생 재정난 겪고 있다면 경제적으로 힘든 상황을 겪다보면 심리적으로 위축이 되는 상황이... 특히나 이러한 경제위기는 <b>코로나</b> 이후로 더욱 심해졌는데 서민들의 생활이 팍팍해지면서 지갑이... 	머리잘만지는개엄마-최디(수유역미용실 jj헤어)	https://blog.naver.com/siklim	20210408
<b>코로나</b>방역업체 따져보고 결정했어요	https://blog.naver.com/jinbchoi?Redirect=Log&logNo=222279362006	괜히 <b>코로나</b>19 확진자라도 발생하면 홍보관은 그냥 닫아 버려야 하니까요. 그러다가 굿바이<b>코로나</b>라는 업체를 찾았는데 완전 대박이었어요. 위에 모두 열거하지 못한 수많은 기업체와 매장 등의 <b>코로나</b>방역을... 	같이, 함께	https://blog.naver.com/jinbchoi	20210318
‘<b>코로나</b>19’로 골칫덩이 된 플라스틱…식품업계는 ‘너도... 	https://blog.naver.com/nong-up?Redirect=Log&logNo=222299438645	<b>코로나</b>19로 외식이 어려워지면서 앱으로 주문하는 음식 배달 서비스의 인기가 더욱 높아졌지요. <b>코로나</b>19로 크게 늘어난 음식 배달 편리함 뒤쫓아 온 ‘플라스틱 팬데믹’ 통계청 온라인쇼핑 동향 자료에... 	더농부	https://blog.naver.com/nong-up	20210407
서울, <b>코로나</b>19 바이러스 살살 녹는다!	https://blog.naver.com/yang456?Redirect=Log&logNo=222306194870	<b>코로나</b>19 확진자 수가 전국에서 제일 많은 서울(거주 인구도 많고, 유동인구도 가장 많으니)이니만큼 이... 그 와중에도 <b>코로나</b>19 확진자 수는 계속 600 명대. 물론 뭐 십만단위 만단위 마구 발생하고 있는 해외... 	소년의 마음을 가진 아저씨를 위한 장난감 나라	https://blog.naver.com/yang456	20210411
<b>코로나</b>가 앞당긴 무인화 시대	https://blog.naver.com/mosfnet?Redirect=Log&logNo=222287057699	특히, <b>코로나</b>19로 인해 언택트에 관한 수요가 늘어나면서 무인화 바람은 유통업계에도 불고 있습니다.... 특히 <b>코로나</b>19로 언택트 소비가 각광받으면서 크게 인기를 끌고 있는데요, 프랜차이즈 정보 사이트인... 	기획재정부 경제e야기	https://blog.naver.com/mosfnet	20210325
<b>코로나</b>-19 인천에서 몽골울란바토르비행,격리	https://blog.naver.com/doumo2?Redirect=Log&logNo=222307365061	<b>코로나</b>로 인하여 물탱크수출을 위하여 몽골로 입국하는데 <b>코로나</b>19검사부터 비행기, 현지숙소 내용입니다. 먼저 한국에서 몽골로 가기위하여 전세기편으로 몽골 울란바토르에 가기위하여 대사관에 신청을... 	(주)에스엠씨	https://blog.naver.com/doumo2	20210412
<b>코로나</b>19 음성 증명서? 접종 증명서? <b>코로나</b>19 증명서의 모든 것!	https://blog.naver.com/kescomiri?Redirect=Log&logNo=222307355771	지난 2월 26일부터 <b>코로나</b>19 백신 접종이 진행되고 있습니다. 국내에서 <b>코로나</b>19 첫 확진자가 나온 지난해 1월 이후 약 1년 만에 이루어졌는데요. 아직까지 여행 등은 어렵지만, 부득이한 사정으로 지방·해외... 	한국전기안전공사	https://blog.naver.com/kescomiri	20210412
<b>코로나</b>에게 빼앗긴 나의 일상	https://blog.naver.com/iam5dol?Redirect=Log&logNo=222306794507	<b>코로나</b>가 터지고 난 후, 나와 아내는 자연스레 외출을 삼가고 집에서 노는 게 익숙해졌다. 뭐 아주... <b>코로나</b> 이후 1년을 넘게 집에서 셀프로 머리를 자르다가 어제는 정말 오랜만에 미용실에 가서 머리를 잘랐다.... 	Memories Tree	https://blog.naver.com/iam5dol	20210412
세계<b>코로나</b> 확진자수 및 주요증시 뉴스	https://blog.naver.com/dline1secret?Redirect=Log&logNo=222308041484	<b>코로나</b> 업데이트, 주요 증시 현황 및 뉴스 버블 천정 바닥 잡기를 시도합니다. 뉴스 야후 실적... <b>코로나</b> 한스 완연한 제 3 팬더믹으로 가고 있다. 일본 뉴스를 보니 오사카에 변종이 9할 도쿄에... 	AI 우파 애널리스트	https://blog.naver.com/dline1secret	20210413
500년이 넘은 르네상스 궁전이 <b>코로나</b> 때문에 무너졌다?	https://blog.naver.com/designpress2016?Redirect=Log&logNo=222293846761	스트리트 아트 작가 JR, <b>코로나</b>19로 인한 문화예술계의 상처를 표현하다 &lt;La Ferita&gt;, 2021 © JR... JR은 <b>코로나</b>19로 인해 어쩔 수 없이 문을 닫아야만 했던 미술관, 도서관, 공연장을 떠올리며 이 작품을... 	네이버 디자인	https://blog.naver.com/designpress2016	20210331
#.임산부일상_39주,<b>코로나</b> 검사하기	https://blog.naver.com/s2yunyoungs2?Redirect=Log&logNo=222305521561	팔팔이 낳고 꼭보자 꼭 순산하고 돌아올게 유도분만 -3일전 <b>코로나</b> 검사 하기 부천에서 주말에도... 결과 내일 아침에 눈뜨면 와있을텐데..별일없겠지? <b>코로나</b> 검사까지 완료! 팔팔이 만나기까지 D-3일	yoon	https://blog.naver.com/s2yunyoungs2	20210410
&lt;<b>코로나</b> 사피엔스, 새로운 도약&gt; - 김누리 외(인플루엔셜)	https://blog.naver.com/nsc2050?Redirect=Log&logNo=222306075381	&lt;<b>코로나</b> 사피엔스, 새로운 도약&gt; - 김누리 외(인플루엔셜) '대한민국 대표 석학 8인이 신인류의 지표를... 포스트 <b>코로나</b> 우리 사회는 어디로 가는가'를 바탕으로 제작된 책이다. 김누리, 장하준, 홍기빈, 최배근... 	인문의 골짜기(꿈을 꾸는 그대를 위하여!)	https://blog.naver.com/nsc2050	20210411
예산군, <b>코로나</b>19 예방접종센터 모의훈련 실시!	https://blog.naver.com/sinmunman?Redirect=Log&logNo=222306042041	예산군은 <b>코로나</b>19 예방접종센터가 설치된 윤봉길체육관에서 6일 백신접종 모의훈련을 실시했다. 군의 <b>코로나</b>19 예방접종센터인 윤봉길체육관은 접종 전 대기구역, 예진·접종구역, 접종 후 등록·관찰구역 등... 	충청남도	https://blog.naver.com/sinmunman	20210413
전화 한 통으로 끝내는 '안심콜' <b>코로나</b>19 출입명부, 무료로... 	https://blog.naver.com/djdonggu?Redirect=Log&logNo=222304037126	전화로 확인하는 안심콜, 통화료를 지원해 드려요~ 해가 바뀌고, 봄이 되면 사라질 줄 알았던 <b>코로나</b>19가 여전히 기승을 부립니다. <b>코로나</b>19 때문에 이제 어딜 가든 '출입자 명부'를 쓰는 게 자연스러운 일이... 	대전광역시 동구	https://blog.naver.com/djdonggu	20210409
<b>코로나</b>19 mRNA 백신의 원리	https://blog.naver.com/iiai?Redirect=Log&logNo=222300487328	엉뚱하게도 미국 워싱턴주 스노후미시군의 보건당국이 한국어로 친절하게 <b>코로나</b>19 mRNA... 2020년 1월 10일 중국 과학자들이 <b>코로나</b>19 바이러스의 유전정보 서열(sequence)를 인터넷에 공개하자... 	버둥거리는 비엔나 소시지	https://blog.naver.com/iiai	20210406
[<b>코로나</b>19] 이스라엘이 마스크를 벗는다?	https://blog.naver.com/shalacho?Redirect=Log&logNo=222298896377	있어 <b>코로나</b>19 봉사활동까지 했던 인물이 입증되지 않은 사실을 전파하고 있습니다. '새정치'를 내세운... 있어도, '<b>코로나</b>19 모범국'은 될 수는 없다는 사실입니다. 우리나라와 단순비교를 해 봐도 앞으로도... 	보미로그	https://blog.naver.com/shalacho	20210405
<b>코로나</b> 19 예방을 위해서 마스크와 환기가 거리두기보다 더... 	https://blog.naver.com/jjy0501?Redirect=Log&logNo=222301167082	Credit: Michael Kinzel, UCF) <b>코로나</b> 19 전파를 막기 위해서는 손씻기 같은 개인 위생은 물론... 센트럴 플로리다 대학 (University of Central Florida)의 연구팀은 학교에서 <b>코로나</b> 19 전파를 막기... 	고든의 블로그	https://blog.naver.com/jjy0501	20210411
75세 이상 고령자 <b>코로나</b> 백신 접종 시작!	https://blog.naver.com/kmedi6210?Redirect=Log&logNo=222296070057	<b>코로나</b>19 예방접종 안내 11월 집단면역 형성을 목표로 진행되고 있는 <b>코로나</b>19 예방접종 2분기가 시작되었습니다. 4월부터 만 75세 이상 어르신을 시작으로 하여 일반인 대상 신종 <b>코로나</b>19 백신 접종이... 	한국의료분쟁조정중재원	https://blog.naver.com/kmedi6210	20210402
<b>코로나</b>19 백신 광산구 예방접종 안내	https://blog.naver.com/gwangsan242?Redirect=Log&logNo=222306401303	26일부터 <b>코로나</b>19 예방접종 실시한 후 의료기관·요양시설 관련 <b>코로나</b>19 확진환자 발생비율이 한 달 새 약 5분의 1로 감소하였습니다 (2021. 4. 9. 질병관리청 보도참고자료) 안전·편안·신속하게... 	광주 광산구 공식블로그	https://blog.naver.com/gwangsan242	20210411
<b>코로나</b>19 집합 금지, 자동차에도 해당될까?	https://blog.naver.com/koroadblog?Redirect=Log&logNo=222307410461	<b>코로나</b>19가 기승을 부리면서 자동차 탑승인원에 대한 궁금증도 함께 커지고 있습니다. 5인이상... <b>코로나</b>19로 모두가 힘든 상황인 만큼 좀 더 합심해 이 어려운 상황을 헤쳐나갔으면 합니다. #도로교통공단... 	도로교통공단	https://blog.naver.com/koroadblog	20210413
[<b>코로나</b>19/속보] 확진환자 발생 재난문자 송출 재개	https://blog.naver.com/suwonloves?Redirect=Log&logNo=222303244657	8.(목) 20:00 기준] ‘지자체 <b>코로나</b>19 재난문자 운영 매뉴얼’이 개정되었습니다. 지난 1일부터 적용된 행정안전부 ‘<b>코로나</b>19 재난문자 송출 개선방안’에 따라 수원시도 ‘확진환자 발생 재난문자’를... 	도란도란 수원 e야기	https://blog.naver.com/suwonloves	20210408
미국에서 <b>코로나</b> 19로 4만명에 가까운 어린이와 청소년이... 	https://blog.naver.com/jjy0501?Redirect=Log&logNo=222299952925	(Credit: CC0 Public Domain) <b>코로나</b> 19 대유행으로 인해 2021년 2월까지 1년 동안 미국에서 37300명의... 미국에서 <b>코로나</b> 19 사망자 한 명당 0.078명의 미성년 자녀를 남겼다고 추정했습니다. 미국에서... 	고든의 블로그	https://blog.naver.com/jjy0501	20210409
<b>코로나</b> 상황 속 목가적 일상을 아이패드 일러스트 그림으로... 	https://blog.naver.com/hun1056?Redirect=Log&logNo=222289161024	<b>코로나</b>로 인한 폐쇄적이고 제한된 삶 속에서 모습을 그린 작품입니다. 같이 힐링하는 마음으로 감상해볼까요? @ gallerypascal 서정적이며 참 좋기는 한데, 정말 오지랖은 아니었으면 하는데... <b>코로나</b> 시국에... 	ART Design 정면돌파™	https://blog.naver.com/hun1056	20210327
<b>코로나</b> 후유증 완치후 88% 후유증 증상	https://blog.naver.com/gk2671?Redirect=Log&logNo=222303908211	<b>코로나</b>19 후유증 <b>코로나</b>는 완치 판정후에도 심각한 후유증이 나타난다는 것을 세계 각국 의료진이 발표하고있다. 영국보건당국은 <b>코로나</b>19가 급성호흡기질환뿐 아니라 만성질환의 가능성을... 	gk2671님의 블로그	https://blog.naver.com/gk2671	20210409
<b>코로나</b>방역업체 믿고맡겨주세요	https://blog.naver.com/mcugi?Redirect=Log&logNo=222299452197	<b>코로나</b>방역업체는 2019년 12월 말부터 시작된 <b>코로나</b> 19 바이러스로 인해 불안감에 시달리며 외부로 나오지 못하는 이들을 위해, 직장이나 불가피한 일로 외부에 나와 활동하는 이들에게 안전하게 시설물을... 	조용하게 세상살기	https://blog.naver.com/mcugi	20210405
<b>코로나</b> 백신 1차 접종 효과는 0.0038%	https://blog.naver.com/bestladakh?Redirect=Log&logNo=222288585555	어제 기모란 교수가 <b>코로나</b> 백신 1차 접종 결과에 대한 놀라운 발표를 했어요. 백신 접종 시작 후... 609175명이 백신을 맞고, 23명이 <b>코로나</b> 확진을 피할 수 있었습니다. 백신으로 효과를 본 사람이... 	인도 라다크 여행	https://blog.naver.com/bestladakh	20210326
<b>코로나</b> 19, 빈곤국 여성과 소녀들이 마주한 5가지 문제	https://blog.naver.com/oxfamkorea?Redirect=Log&logNo=222307304382	1년 전 우리는 <b>코로나</b>19가 이토록 우리의 삶을 바꿔 놓을지 아무도 예상하지 못했습니다. 누군가는 금방 지나가는 유행이라 여겼습니다. 그러나 유행을 넘어 삶을 송두리째 바꿔버린 <b>코로나</b>19, 모두가 어려운... 	옥스팜 공식 블로그	https://blog.naver.com/oxfamkorea	20210412
<b>코로나</b>19 피해 입은 공연예술 분야 회복 위해 4,100명 채용 지원	https://blog.naver.com/mcstkorea?Redirect=Log&logNo=222307228321	<b>코로나</b>19 장기화로 침체된 공연예술 분야의 고용 충격을 완화하고, 공연예술 기업·단체의 인건비... 공연예술 분야 인력지원 3,500명 문체부는 한국문화예술위원회와 함께 <b>코로나</b>19로 피해를 본 현장... 	도란도란 문화놀이터	https://blog.naver.com/mcstkorea	20210412
가평군청 홍보팀이 알려주는, 가평벚꽃명소(<b>코로나</b>시국반영.ver)	https://blog.naver.com/ecopiagp?Redirect=Log&logNo=222287973775	<b>코로나</b>시국을 반영한 2021년 가평벚꽃명소총정리 사진.글_가평군청 군정홍보팀 안녕하세요 가평군청... 여러분들께 <b>코로나</b>시국을 반영한, 가평관내 벚꽃구경하기 좋은 장소들을 정리해서 알려드리고자 합니다.... 	가평군 공식블로그	https://blog.naver.com/ecopiagp	20210326
<b>코로나</b> 19 예방 접종의 시작, 백신에 대한 국민의 관심	https://blog.naver.com/loveacrc?Redirect=Log&logNo=222293831926	<b>코로나</b>19 백신에 대한 학생들의 관심은?! <b>코로나</b>19 예방 접종의 시작, 백신에 대한 국민의 관심 <b>코로나</b> 19 예방 접종의 시작 2021년 2월 26일, 우리나라에서 <b>코로나</b>19의 백신 접종을 시작하였습니다. 요양병원... 	국민권익위원회	https://blog.naver.com/loveacrc	20210331
<b>코로나</b>19 완치자 심리회복지원 참여자를 모집합니다!	https://blog.naver.com/dodreamgj?Redirect=Log&logNo=222308449926	광주광역시가 <b>코로나</b>19 완치자의 건강한 일상생활 복귀를 돕기 위해 심리회복 지원서비스를 실시합니다! 중앙방역대책본부 발표에 따르면 <b>코로나</b>19 완치자의 경우 피로감, 주의·집중력 저하 등... 	광주광역시	https://blog.naver.com/dodreamgj	20210413
<b>코로나</b> 결혼식 마스크에 붙일 하트스티커 준비했어요	https://blog.naver.com/charm3159?Redirect=Log&logNo=222293947189	결혼식 <b>코로나</b>로 미뤄야 하나 진행해야 하나 정부 지침 발표 때마다 고민도 엄청 하고 스트레스도 많이 받았었는데요 다행히도 제 결혼식이 있는 주간부터 <b>코로나</b> 방역지침이 5단계로 세분화되면서 결혼식 50인... 	carpe diem	https://blog.naver.com/charm3159	20210402
<b>코로나</b>방역 간단한 해결방법	https://blog.naver.com/sbi101?Redirect=Log&logNo=222299880468	<b>코로나</b>방역 업체 모든방역 인사드립니다. <b>코로나</b> 19가 장기화하여가고 많은 이들이 종식되기를 바라지만 전문가들은 향후 4~5년 안에 종식되기 힘든 바이러스라고 합니다. <b>코로나</b>가 끝나고 나서 어떤... 	Money SPACE Center / Healing Design Care !	https://blog.naver.com/sbi101	20210405
<b>코로나</b>19 2분기 예방접종 이렇게 실시됩니다!	https://blog.naver.com/cwopenspace?Redirect=Log&logNo=222300643670	지난 2월 26일 처음 시작된 <b>코로나</b>19 백신 접종은 순조롭게 진행되고 있습니다. 일반 국민 대상 접종이... 식약처에서 운영하는 누리집에서 <b>코로나</b>19 백신과 예방접종에 대한 가장 정확한 정보를 확인할 수... 	창원시 공식 블로그	https://blog.naver.com/cwopenspace	20210406
안티-<b>코로나</b>19의 생활화, '닥터 아토' 소독 티슈	https://blog.naver.com/jhkimism?Redirect=Log&logNo=222223848851	①<b>코로나</b>19 진단검사 받으러 가는 분, ②검사 받고 나서 결과 기다리는 분, ③능동 관심대상자이신 분, ④<b>코로나</b>19 증상과 유사 증상 있는 분들은 되도록 자가용을 이용하거나, 마스크를 2장 겹쳐... 	The Korean Cabby	https://blog.naver.com/jhkimism	20210412
런던 템스 강변을 물들인 15만 개의 빨간 하트, <b>코로나</b> 희생자... 	https://blog.naver.com/coolsaem?Redirect=Log&logNo=222308323015	현재 영국의 <b>코로나</b>19 확진자는 4백만 명이 넘고 사망자도 13만 명 가까이 됩니다. 수많은 희생자를 낳고 있는 상황 속에서 영국의 <b>코로나</b> 유가족 단체 COVID-19 Bereaved Families For Justice에서 추모... 	생각전구 * Idea Bulb	https://blog.naver.com/coolsaem	20210413
[2021.4.12] 확진자 발생, <b>코로나</b> 검사 실시	https://blog.naver.com/leehunboki?Redirect=Log&logNo=222307674348	전원 <b>코로나</b> 19 검사를 실시 입니다. 저도 그렇지만, 와이프는 아기 면회 날만 기다리며 하루하루 견디고 있었는데 이거 날벼락 통보입니다. 와이프는 병실에서 <b>코로나</b> 검사를 받았고 저는 선별검사소로 가서... 	유만장 : 바이크로 만나는 새로운 세상	https://blog.naver.com/leehunboki	20210412
<b>코로나</b> 검사 또 받음 ㅡㅡ	https://blog.naver.com/pinklua?Redirect=Log&logNo=222308395445	토요일 오후에 아빠의 지인분이 문자를 받으셨는데 그분이 <b>코로나</b> 확진자랑 동선이 겹쳤으니 검사를... (소식 듣자마자 엄마 직장에 연락을 드렸는데 담당자분이 <b>코로나</b> 걱정보다 엄마가 빠지실 경우 모자란... 	Symphonic Rain	https://blog.naver.com/pinklua	20210413
<b>코로나</b>19 피해기업 대상 고용유지플러스자금 접수 개시!	https://blog.naver.com/sbcblog?Redirect=Log&logNo=222299395284	중기부와 중진공은 2,000억원 규모의 고용유지플러스자금을 신설하고, <b>코로나</b>19 피해기업 대상... 대상은 <b>코로나</b>19 피해, 거래처 도산 및 결제조건 악화 등 경영애로 사유로 매출액이 30% 이상 감소한... 	중소벤처기업진흥공단	https://blog.naver.com/sbcblog	20210405
난민과 <b>코로나</b>19, 그 후 1년	https://blog.naver.com/unhcr_korea?Redirect=Log&logNo=222307351147	난민과 <b>코로나</b>19, 그 후 1년 작년 3월 세계보건기구(WHO)가 <b>코로나</b> 바이러스를 ‘팬데믹(전 세계 대유행)’으로 선언한 지 1년이 지난 지금, 우리 삶의 모습은 이전과는 확연히 달라졌습니다. 모두가... 	유엔난민기구 공식블로그	https://blog.naver.com/unhcr_korea	20210412
210412 <b>코로나</b> 자가진단키트 테마	https://blog.naver.com/qlomolp?Redirect=Log&logNo=222307493896	<b>코로나</b> 자가진단키트 6.59% 게티이미지 <b>코로나</b> 자가진단키트는 간편하게 비말을 이용하여 본인이 <b>코로나</b>19에 걸렸는지 검사할 수 있는 진단키트로서 진단까지는 약 10분~30분 정도의 검사시간이 필요하다고... 	익의 주식 이야기	https://blog.naver.com/qlomolp	20210412
<b>코로나</b> 시대의 인터넷 검열 : 하버드 의대 교수의 트윗	https://blog.naver.com/bestladakh?Redirect=Log&logNo=222306184328	&quot;어린 연령층도 <b>코로나</b> 백신을 맞아야 할까요? 이미 감염됐던 사람들도 백신을 맞아야 할까요?&quot; 이... 이전에 자연 감염을 겪은 사람들은 <b>코로나</b> 백신이 필요하지 않아요. 아이들도 <b>코로나</b> 백신이... 	인도 라다크 여행	https://blog.naver.com/bestladakh	20210411
<b>코로나</b>19로 피해 입은 법인, 세정지원 받으세요!	https://blog.naver.com/ntscafe?Redirect=Log&logNo=222279473039	국세청은 최근 <b>코로나</b>19로 인해 경영에 어려움을 겪고 있는 법인을 위해 납부기한을 최대 9개월까지 연장하는 등 적극적으로 세정지원을 하기로 했습니다. 세정지원 혜택, 누가 받을 수 있나요? <b>코로나</b>19... 	[국세청 블로그] 아름다운 세상	https://blog.naver.com/ntscafe	20210318
<b>코로나</b>19 긴급일자리 지원자 모집 안내!	https://blog.naver.com/eunpyeonggu?Redirect=Log&logNo=222302690470	<b>코로나</b>19 긴급일자리 지원자를 모집 합니다! <b>코로나</b>19 감염 확산에 따른 경기 침체로 실직 등 경제위기에 처한 취업 취약 구민들에게 일자리를 제공합니다! 관심 있는 분들의 많은 지원 부탁... 	은평구 네이버 블로그	https://blog.naver.com/eunpyeonggu	20210408
속초시민 <b>코로나</b>19 전수검사 실시	https://blog.naver.com/knta_pr?Redirect=Log&logNo=222308422819	속초에서 <b>코로나</b>19 확진자 급증 소식이 전해지자 대한결핵협회 강원도지부는 관할 지자체와 함께 속초시민 <b>코로나</b>19 전수검사를 실시했습니다. 3월 18일부터 24일까지 진행된 이번 전수검사에서 2만 3천 명이... 	대한결핵협회	https://blog.naver.com/knta_pr	20210413
<b>코로나</b>? 백신? 그보다 더 무서운 것은...	https://blog.naver.com/bestladakh?Redirect=Log&logNo=222293052626	글쓴이에 의하면, 우리는 <b>코로나</b>와의 전쟁을 치르고 있고, 어느 전쟁이든 일부의 희생은 불가피하며... 지난 일 년간 보건당국과 언론은 <b>코로나</b>에 대한 과장된 공포를 대중에게 세뇌해왔어요. 공포에 휩싸인... 	인도 라다크 여행	https://blog.naver.com/bestladakh	20210330
목욕탕·사우나 이용 전! <b>코로나</b>19 방역 수칙 꼭 확인하세요!	https://blog.naver.com/koshablog?Redirect=Log&logNo=222301551316	오늘은 보건의 날을 맞아 <b>코로나</b>19의 종식을 기원하며 최근 집단 감염 상황이 발생하고 있는 ‘목욕탕·사우나’에서 지켜야 할 방역수칙에 대해 살펴보려고 합니다. 목욕탕·사우나에서 지켜야 할 <b>코로나</b>19... 	안전보건공단 공식블로그	https://blog.naver.com/koshablog	20210407
둥이들의 <b>코로나</b> 부활절 I	https://blog.naver.com/jinnyarom?Redirect=Log&logNo=222306811532	<b>코로나</b>가 올해에는 좀 잠잠해질 줄 알았는데 여전히 무섭게 기승이네요. 여전히 저는 재택근무중이고요, 이제는 둥이들 다니는 유치원에서도, 재택근무 삼실 동료들도 하나 둘 <b>코로나</b> 양성받았다는 말들도... 	프랑스 남자 쎄바님이랑 동거하기 since 2011-10-19	https://blog.naver.com/jinnyarom	20210412
D-8. <b>코로나</b> 아니라 천만다행이야..	https://blog.naver.com/kboshylove?Redirect=Log&logNo=222305044592	아직 해장즁입니다 슈크림 케이크 우리 원픽됨 감긴줄 알았는데 열난다길래 부랴부랴 보건소 가서 <b>코로나</b> 검사하고 혹시나 <b>코로나</b>일까봐 집까지 걸어서 가구 자가격리해쯥니다.. 아플땐 엽떡이지 카면서 배달... 	박또요	https://blog.naver.com/kboshylove	20210410
2021.03.27  <b>코로나</b> 19 4차 팬데믹의 시작	https://blog.naver.com/gaajur?Redirect=Log&logNo=222289540573	<b>코로나</b> 백신이 개발되어 접종이 진행 중인 가운데 <b>코로나</b>는 인도를 비롯한 신흥국 및 저개발 국가를 중심으로 빠르게 재확산되면서 4차 팬데믹이 시작되고 있다. 아시아에서는 인도를 필두로 파키스탄... 	쥬라기의 세상을 보는 창	https://blog.naver.com/gaajur	20210327
남양유업 불가리스 <b>코로나</b>19  억제 효과 77.8%	https://blog.naver.com/beryu1?Redirect=Log&logNo=222308549965	남양유업 불가리스 <b>코로나</b>19 억제효과 77.8% * 한국의과연구원(KRIBS),불가리스 항바이러스 효과분석 * 감기 바이러스 인플루엔자 바이러스 (H1N1)99.9%사멸 남양에서 나오는 불가리스가 <b>코로나</b>19 억제효과가 있다는... 	beryu1(류병은)님의 블로그	https://blog.naver.com/beryu1	20210413
<b>코로나</b> 블루 대처법 : 집에서 즐기는 홈카페	https://blog.naver.com/incheontogi?Redirect=Log&logNo=222287932860	<b>코로나</b> 블루 대처법 : 집에서 즐기는 홈카페 어느덧 <b>코로나</b>19를 겪은 지 1년이 되었지요. 외출 시 마스크를 착용하는 건 당연한 일이 되었고, 아이들은 등교 대신 온라인 수업을 이어가고 있습니다. <b>코로나</b>19가... 	인천광역시 공식 블로그	https://blog.naver.com/incheontogi	20210326
이태리 <b>코로나</b> 소식	https://blog.naver.com/coreanosin?Redirect=Log&logNo=222305819405	이태리 <b>코로나</b> 신규확진자는 17567명 하루 사망자는 344명입니다. 트럼프가 아칸소 주지사 선거에 출마한... 어제 하루 <b>코로나</b> 검사를 5만명 가량 실시했는데 5프로대가 넘는 확진자가 발생했습니다. 드디어... 	빈티지 모카	https://blog.naver.com/coreanosin	20210411
<b>코로나</b>19 자가격리 속 반려동물의 필요성을 부각한 광고포스터... 	https://blog.naver.com/hun1056?Redirect=Log&logNo=222307223468	베네수엘라에서 진행된 이번 해외 포스터 광고디자인에서는 지금의 <b>코로나</b> 사태로 인한 어쩔 수 없는 자가 격리 생활은 어쩌면 훌륭한 동반자를 구할 수 있는 절호의 찬스일지도 모른다는 카피와 함께... 	ART Design 정면돌파™	https://blog.naver.com/hun1056	20210412
210408 <b>코로나</b>19 테마	https://blog.naver.com/qlomolp?Redirect=Log&logNo=222303251226	<b>코로나</b>19 5.48% <b>코로나</b>19는 2019년 12월 중국 우한에서 처음 발생한 이후 중국 전역과 전 세계로 확산된, 새로운 유형의 <b>코로나</b>바이러스(SARS-CoV-2)에 의한 호흡기 감염질환입니다. <b>코로나</b>19는 감염자의... 	익의 주식 이야기	https://blog.naver.com/qlomolp	20210408
#<b>코로나</b>19_익산 274번~295번_확진자_발생안내	https://blog.naver.com/human9426?Redirect=Log&logNo=222305757695	#<b>코로나</b>19_함께_극복합시다. 마스크 꼭 착용하시고, 건강에 유의하시기 바랍니다. 아무쪼록 익산시민... #익산시보건소 #질병관리청 #전북보건환경연구원 #익산보건소_선별진료소 #<b>코로나</b>_익산확진자... 	임형택 익산시의원 / Like익산포럼 대표	https://blog.naver.com/human9426	20210411
<b>코로나</b>에도 봄은 왔습니다.	https://blog.daum.net/chlvlftlr/7684402	<b>코로나</b>로 인해서 활동에 제한을 받다보니 많이 답답했는데 그나마 산행으로 삭혀봅니다. 나는 잊고... 비바람이 쳐도 폭설이 쏟아져도 <b>코로나</b>에도 봄은 오듯이 꽁꽁 얼어붙었던 내 몸에도 봄이 오기를... 	기룡 선원	https://blog.daum.net/chlvlftlr	20210405
[곰플리] 02. <b>코로나</b> 시대, 우리 군화의 훈련소는?	https://blog.daum.net/mma9090/14955	<b>코로나</b> 시대, 우리 군화의 훈련소는? 댓글 1 내 청춘에 충성/곰신이야기 2021. 3. 29. 군입대 , 병무청 , <b>코로나</b> , <b>코로나</b>19 , <b>코로나</b>예방 , 훈련소 안녕하세요, 청춘예찬 13기 곰신기자 정지호입니다. 대학가는... 	https://blog.daum.net/mma9090	https://blog.daum.net/mma9090	20210329
<b>코로나</b>19 이후 학교폭력 상황과 대안	https://blog.daum.net/babogh/13747627	'<b>코로나</b>19 이후 학교폭력의 대안'에 대해서 포럼 열었다. 연구소에 위원회 중 청소년실천연구위원회에서 주관했다. 현직 교사인 이충민 위원께서 주제 발표로 <b>코로나</b>19 이후에도 학교 내 상담시간과 전문가... 	청소년자치이야기	https://blog.daum.net/babogh	20210326
<b>코로나</b>19에 도움이 되는 한국식품	https://blog.naver.com/badymeo?Redirect=Log&logNo=222306601298	지난 사스 때와 마찬가지로 <b>코로나</b>19로 인해 면역력에 도움이 된다는 각국의 전통식품이 새롭게 조명을 받고 있습니다. 김치도 그중의 하나인데요, 이번에 또다시 김치가 <b>코로나</b>19 증상 완화에 도움이 된다는... 	유기농아빠학교	https://blog.naver.com/badymeo	20210411
[카드뉴스]<b>코로나</b>19 대응에 앞장선 우리동네 영웅을 소개합니다	https://blog.naver.com/mopaspr?Redirect=Log&logNo=222306980847	&lt;우리동네 영웅&gt; <b>코로나</b>19 대응에 앞장선 우리동네 영웅을 소개합니다. 우리동네 영웅이란? 행정안전부는 지방자치단체와 협업으로 자원봉사자, 주민자치회, 국민운동단체 및 공직자 등 <b>코로나</b>19 대응에... 	대한민국 행정안전부	https://blog.naver.com/mopaspr	20210412
일산 명지병원 - 해외출국 <b>코로나</b>검사 영문증명서 발급/후기/비용	https://blog.naver.com/moonu87?Redirect=Log&logNo=222308043144	일산에서 해외출국자를 위한 <b>코로나</b>검사 영문증명서 발급해주는 병원! 일산백병원 일산병원... 그리하야 명지병원 해외출국을 위한 <b>코로나</b>검사 후기 오전 10시에 갔는데 사람이 엄청나게 많아서... 	YOU ARE MY SUNSHINE♥	https://blog.naver.com/moonu87	20210413
[이벤트] 우리, <b>코로나</b>19 끝나면 뭐할까? 버킷리스트 작성하기!	https://blog.naver.com/ntscafe?Redirect=Log&logNo=222308194710	<b>코로나</b>19 끝나면 뭐 하고 싶어? <b>코로나</b>19가 길어지면서 점점 일상을 잊어가고 있는 것이 아쉽고 아쉽습니다. <b>코로나</b>19가 아니었다면 지금 하고 있을 것들, 앞으로 할 것들. <b>코로나</b>19 종식을 기원하며!! 서로를... 	[국세청 블로그] 아름다운 세상	https://blog.naver.com/ntscafe	20210413
<b>코로나</b> 극복 영농지원 바우처 대상 및 신청방법 확인하세요!	https://blog.naver.com/pride_gb?Redirect=Log&logNo=222307306091	<b>코로나</b> 극복 영농지원 바우처 대상 및 신청방법 확인하세요! <b>코로나</b>19로 농업경영에 어려움을 겪고 있는 농가를 돕기 위한 ‘<b>코로나</b> 극복 영농지원 바우처’(이하 바우처)를 4.12일부터 온라인과... 	경상북도 공식블로그	https://blog.naver.com/pride_gb	20210412
<b>코로나</b>19가 코앞에두 왔네요	https://blog.naver.com/quitedu11?Redirect=Log&logNo=222305379627	제목 [제목없음] 오늘 오전 9~11시 사이에 <b>코로나</b>19 진단검사 받으러 학교로 학생들 데리고 오셔야... 부여군에 <b>코로나</b>19확진자가 발생했고 여러군데 동선중에 우리지역도 있었지만 우리면이래도 설마 했는데... 	노루골부여밤	https://blog.naver.com/quitedu11	20210410
유학생 출국전 72시간내 <b>코로나</b> PCR 검사	https://blog.naver.com/heavenfour?Redirect=Log&logNo=222302644792	<b>코로나</b>로 인한 규정들이 수시로 바뀌는 바람에 관련기관에 계속 업데이트 되는 소식들을 확인하고... © chuttersnap, 출처 Unsplash 그동안은 계속 대한항공 국적기를 이용하다가 <b>코로나</b>로 인해 운항 노선들이... 	우리들의 천국	https://blog.naver.com/heavenfour	20210408
반려동물과 함께하는 <b>코로나</b>19 예방 수칙	https://blog.naver.com/kahp_blog?Redirect=Log&logNo=222286774246	지난 1월 24일 국내에서도 반려동물의 <b>코로나</b>19 감염 사례가 확인된 이후, 전국 곳곳에서 강아지, 고양이의 확진 판정 소식이 들려오고 있는데요. 어떻게 하면 반려동물의 <b>코로나</b>19 감염을 막을 수... 	건강일기	https://blog.naver.com/kahp_blog	20210325
유학준비, <b>코로나</b>시대엔 어떻게 할까요?	https://blog.naver.com/ediket?Redirect=Log&logNo=222294944948	<b>코로나</b>가 우리의 생활을 바꾼지 이제 1년이 넘었습니다. 지난 1년은 아무것도 모르는 상태에서 우왕좌왕했다면, 앞으로는 <b>코로나</b> 장기전에 대비해 하나씩 차근차근 준비해야겠죠? 그래서 오늘은... 	에디켓 : 빠르고 정확한 영문교정 서비스	https://blog.naver.com/ediket	20210401
<b>코로나</b> 백신 종류와 부작용 접종순서 알아보기	https://blog.naver.com/guswn8916?Redirect=Log&logNo=222307328955	2020부터 <b>코로나</b>로 인해서 우리의 일상이 엉망진창 되었습니다. 라이프스타일이라던가 다양한 부분에... 그래서 오늘은 빛이자 불안함으로 여겨지는 <b>코로나</b> 백신 종류, 부작용, 접종순서 등을 알아보겠습니다.... 	람 집	https://blog.naver.com/guswn8916	20210412
<b>코로나</b>19 극복 이벤트 #광양시청카카오톡	https://blog.naver.com/gwangyangsi?Redirect=Log&logNo=222258434619	<b>코로나</b>19 극복 이벤트 <b>코로나</b>19 예방접종이 2. 26.부터 시작되었습니다. 백신 접종이 시작되었지만 경각심을 잃지 말고 방역수칙을 준수해야 합니다. <b>코로나</b>19에서 벗어나 집단면역이 형성되고 안전하고... 	햇살 가득 따스한 광양 공식 블로그	https://blog.naver.com/gwangyangsi	20210227
[뉴텔러] &quot;<b>코로나</b>19 백신... &quot; - 배경택 <b>코로나</b>19 예방접종추진단... 	https://blog.naver.com/hellopolicy?Redirect=Log&logNo=222296281929	오늘의 키워드는 <b>코로나</b>19 백신 허위조작정보입니다 <b>코로나</b>19 백신 허위조작정보에 대한 자세한 내용, 예방접종추진단 배경택 상황총괄반장이 전해드립니다. 정보의 바닷속에서 넘쳐나는 허위조작정보... 	대한민국정부 대표 블로그 정책공감	https://blog.naver.com/hellopolicy	20210402
[신보사이다] 신보는 '<b>코로나</b>19 위기극복 특례보증' 중	https://blog.naver.com/hopekodit?Redirect=Log&logNo=222303035160	신보는 「<b>코로나</b>19 위기극복 특례보증」중!! <b>코로나</b>19 장기화에 따라 신보는 21년도에도 <b>코로나</b> 특례보증을 실시했습니다. 대상기업 <b>코로나</b>19로 인한 직·간접 피해기업 보증한도 같은 기업당 운전자금... 	신용보증기금	https://blog.naver.com/hopekodit	20210413
‘포스트 <b>코로나</b> 대비, 시민과 함께 하는 경제방역’	https://blog.naver.com/gmcityhall?Redirect=Log&logNo=222284805063	광명시는 <b>코로나</b>19 장기화에 따른 피해 극복뿐 아니라 포스트<b>코로나</b> 대비 지역경제를 살리기 위해 ‘2021년 민생․경제․일자리 안정 종합대책’을 추진합니다. 주요 추진과제로는 ①소상공인 임대료 등... 	광명시 공식블로그	https://blog.naver.com/gmcityhall	20210323
<b>코로나</b> 백신 접종에 대한 여전한 딜레마	https://blog.naver.com/acoloje?Redirect=Log&logNo=222307520461	전 세계 모든 국가에 발병된 <b>코로나</b> 전염병은 영적으로 우리에게 어떤 의미를 던졌는가? 우리는 이... 1년간의 <b>코로나</b> 글로벌 감염자는 1.36억 명이고 사망자는 295만 명으로 치사율은 2.16%다 그러나 약... 	카이로스	https://blog.naver.com/acoloje	20210413
<b>코로나</b>검사하러 주말에 갔다 줄이 천만리..	https://blog.naver.com/haja1203?Redirect=Log&logNo=222305588535	#주말에<b>코로나</b>검사 #무증상자검사 #<b>코로나</b>검사줄이천만리 #<b>코로나</b>환자확진 #<b>코로나</b>신규확진 #간단한<b>코로나</b>검사 최근들어서 날씨도 살살 풀리고, 살랑 살랑 다니기 딱 좋은 날들이.... 연거푸 생기더니 신규... 	하루하루 신나게 :)	https://blog.naver.com/haja1203	20210410
<b>코로나</b> 음성이 나오기까지, 그리고 그 이후	https://blog.naver.com/howsing?Redirect=Log&logNo=222306060104	금요일 밤늦게 딸과 함께 있던 친구가 <b>코로나</b> 확진자라고 연락이 왔다. 자정 즈음에 수업 휴강 문자를... 안방과 화장실을 청소하고 정리하는 수고로움을 마다하지 않는...아빠의 힘! #<b>코로나</b>음성 #다시줌수업	천천히 쉬지않고...읽기,걷기,그림	https://blog.naver.com/howsing	20210411
<b>코로나</b>19 21.4.10.(토) 14시 기준 발생현황 및 주요조치사항	https://blog.naver.com/dodreamgj?Redirect=Log&logNo=222305131966	10.(토) 확진자 : 0명 <b>코로나</b>19 예방접종 추진 현황 (2021. 4. 10. 13:00기준) ❍ 예방접종... 26.) <b>코로나</b>19 1차대응요원 1,684 1,436 0 1,372 81.5 - - AZ (3.8.) 고위험 의료기관 종사자 19,391 18,364... 	광주광역시	https://blog.naver.com/dodreamgj	20210410
<b>코로나</b>19 강서구 1860~1866번 확진자 발생 알림	https://blog.naver.com/gangseokkachi?Redirect=Log&logNo=222308575331	<b>코로나</b>19 일일현황 및 역학조사 결과 추가 동선 확인하기 강서구청 홈페이지 <b>코로나</b>19 발생현황 링크 접속 ↓ ↓ ↓ ↓ ↓ ↓ ↓ ↓ ↓ ↓ ↓ &gt; <b>코로나</b>19 발생동향 및 확진자 이동경로 확인하기 클릭 &gt; 확진자... 	강서까치뉴스	https://blog.naver.com/gangseokkachi	20210413
<b>코로나</b> 집단면역 언제?	https://blog.naver.com/rudska1466?Redirect=Log&logNo=222308086579	정부는 12일 <b>코로나</b>19 대응 특별방역 점검회의를 열고 노바백스 신종 <b>코로나</b>바이러스 감염증(<b>코로나</b>19) 백신의 ‘생산 계획’을 밝혔다. 노바백스는 올해 초 문재인 대통령이 노바백스 대표와 화상회의를... 	내가 궁금한 世上事!	https://blog.naver.com/rudska1466	20210413
74. <b>코로나</b> 8. &lt; K바이오 트랜드 2021 &gt;	https://blog.naver.com/jyklife?Redirect=Log&logNo=222307021842	지금처럼 <b>코로나</b> 정보의 홍수시대에 진짜 필요한것은 가짜뉴스, 영혼을 팔아버린 언론, <b>코로나</b> 정보를 정치적으로 왜곡하는 정치인들의 말이 아닌 올바른 사실을 알려주는 정보이다. 'K 바이오 트랜드 2021... 	가톨릭 사회교리	https://blog.naver.com/jyklife	20210412
<b>코로나</b>가 끝나고 나면...	https://blog.naver.com/russiana?Redirect=Log&logNo=222301513518	<b>코로나</b>가 언제 끝이 날지 아무도 모르지만 그 날이 언젠가는 오겠지요. 이스라엘과 영국이 백신... 리투아니아는 아직도 국경이 봉쇄되어 있고, 조지아나 우즈베키스탄은 <b>코로나</b>가 안 온 것처럼 마스크 없이... 	콴타스틱	https://blog.naver.com/russiana	20210407
[<b>코로나</b>19 알림] 사회적거리두기 2단계 격상에 따른  부산... 	https://blog.naver.com/with_pen?Redirect=Log&logNo=222295094823	<b>코로나</b>19 관련 알림 사회적거리두기 2단계 격상에 따른 부산 각급 학교 학사운영방안(4. 5.~) 우리... 부산지역에 <b>코로나</b>19 감염이 확산되고 있습니다. 우리 교육청은 안전하고 건강한 학교를 위해 최선을... 	부산교육과 친구되기	https://blog.naver.com/with_pen	20210401
&lt;준이의 세상탐험&gt; <b>코로나</b> 상황. 지금 홍대는...	https://blog.naver.com/sheejoon?Redirect=Log&logNo=222307267936	<b>코로나</b> 4차 유행 위기론이라 왠만하면 글을 안쓰게 되는데... 그래도 정보 제공차원에서... 조심스레 써... 홍대 앞은 홍대입구역 합정역 상수역 이렇게 삼각안 지역이 다 식당가와 버스킹(<b>코로나</b>로 많이 준) 등... 	준이의 세상 탐험	https://blog.naver.com/sheejoon	20210412
<b>코로나</b> 블루 극복을 위한 힐링, 강화도 캠핑	https://blog.naver.com/incheontogi?Redirect=Log&logNo=222284536718	<b>코로나</b> 블루 극복을 위한 힐링 강화도 캠핑 쉽게 끝날 것이라고 생각했던 <b>코로나</b>19가 일년 넘게 지속되고 있어서 전 국민이 <b>코로나</b> 블루에 힘들어 하고 있습니다. ‘<b>코로나</b> 블루’란? <b>코로나</b>19로 인해서 생긴... 	인천광역시 공식 블로그	https://blog.naver.com/incheontogi	20210323
4월부터 2분기 <b>코로나</b>19 예방접종이 시행됩니다!	https://blog.naver.com/gwdoraeyo?Redirect=Log&logNo=222284778238	2021년 4월부터 시행하는 <b>코로나</b>19 예방접종 2분기 시행계획을 알려드립니다! 2분기 <b>코로나</b>19 예방접종 계획 Previous image Next image 상반기 총 1,200만 명을 대상으로 1차 접종을 준비하고 있습니다! 집단감염과... 	GoGo씽~ 강원도來YO!	https://blog.naver.com/gwdoraeyo	20210323
분당 초등학교 <b>코로나</b> 감염에 대한 단상	https://blog.naver.com/jinny_79?Redirect=Log&logNo=222307898070	초등학교 <b>코로나</b> 감염에 대한 안내 문자가 끊이질 않는다. 동네분들도 주말동안 걱정하던 마음을 카톡으로 한가득 담아내고 아주 동네가 술렁술렁한다. 이번에 <b>코로나</b>가 터진 지역이 우리아이들이 다니는... 	붕리씨네 네식구 이야기	https://blog.naver.com/jinny_79	20210413
65세 이상 <b>코로나</b> 백신 접종 시작 주의할점!	https://blog.naver.com/hayoojin?Redirect=Log&logNo=222286544367	어제부터인가 65세 이상 <b>코로나</b> 백신 접종이 시작 되었다. 울 부모님들도 그 나이 대상 이시라... (화이자 <b>코로나</b>19 백신, 모더나 <b>코로나</b>19 백신)은 예방접종 센터 - 바이러스 벡터 백신(아스트라제네카 <b>코로나</b>19... 	하유의 멘붕 라이프	https://blog.naver.com/hayoojin	20210325
코..<b>코로나</b>여...	https://blog.naver.com/traveling22?Redirect=Log&logNo=222308678065	21/4/13 근처 학교 1학년 학급에서 <b>코로나</b> 확진자가 대거 발생하여 전화기에 불이 난 월요일이었다. 학교... 안그래도 초1은 제일 손이 많이 가는 시기라고 하는데 <b>코로나</b> 이슈까지 겹치니 머리가 아주 복잡해진다.... 	미드나잇 라운지	https://blog.naver.com/traveling22	20210413
<b>코로나</b>-19 피해 운수종사자에 재난지원금과 마스크 지원	https://blog.naver.com/mltmkr?Redirect=Log&logNo=222300306462	이 사업은 <b>코로나</b>-19로 인해 승객수요가 줄어 소득이 감소한 전세버스 운수종사자를 대상으로 한... 추경예산에는 <b>코로나</b>-19 확진 위험에 상시 노출된 버스 운수종사자 약 13.5만 명에 대한 마스크 지원 예산... 	국토교통부	https://blog.naver.com/mltmkr	20210406
당진시 <b>코로나</b>19 확진자 발생 관련 서면 브리핑 전문	https://blog.naver.com/dangjin2030?Redirect=Log&logNo=222306223097	<b>코로나</b>19 당진 #323 ~ #331 확진자 발생 당진시민 여러분! 우리시에 어제 오후 10시 <b>코로나</b> 확진자 3명(#323~#325) 추가 발생하여 4월 10일에 총 18명이 확진판정 받았으며, 금일 4월 11일 오후 2시 기준 6명(#326~#331)의... 	당진시 공식블로그	https://blog.naver.com/dangjin2030	20210411
<b>코로나</b>19로 어려운 사업주 여러분! 산재보험료 경감받으세요~	https://blog.naver.com/comwel2009?Redirect=Log&logNo=222287211660	<b>코로나</b>19로 어려움을 겪고 있는 사업주 여러분! <b>코로나</b>19 장기화로 어려움을 겪는 사업주의 부담을 덜어주기 위해, 산재보험료를 30% 경감해 드립니다. 경감대상은? 경감대상: 특별피해업종* 소상공인 중... 	근로복지공단 대표 공식블로그 희망누리	https://blog.naver.com/comwel2009	20210325
[4월 13일 시흥시 <b>코로나</b>19 상황보고, 13시]	https://blog.naver.com/siheungblog?Redirect=Log&logNo=222308399327	12일에는 153건의 <b>코로나</b>19 예방접종이 실시됐습니다. 지금까지 진행된 누적 접종 건수는 6,992... 시흥시 거주 만 75세 이상 어르신을 대상으로 한 <b>코로나</b>19 백신 접종이 진행되고 있습니다. 대상은 1946년 12월... 	행복한 변화, 새로운 시흥	https://blog.naver.com/siheungblog	20210413
천안시 <b>코로나</b>19 4월 13일(0시 기준)일일 상황 알림	https://blog.naver.com/fastcheonan?Redirect=Log&logNo=222308166455	4월 13일 0시 기준 천안시 <b>코로나</b>19 일일 상황을 알려드립니다. 추가 확진자는 3명, 추가 퇴원자는 2명... <b>코로나</b>19 확산을 방지할 수 있도록 '참여방역'을 적극 실천해주실 것을 당부드립니다. 충청남도... 	새로운 천안 행복한 시민	https://blog.naver.com/fastcheonan	20210413
<b>코로나</b>19 예방접종 대중교통 불편지역, 공공형택시가... 	https://blog.naver.com/gmcityhall?Redirect=Log&logNo=222294020794	<b>코로나</b>19 예방접종 대중교통 불편지역, 공공형택시가 도와드립니다 광명시가 대중교통 이용이 불편한 지역에 거주하는 시민의 편의를 위해 공공형 택시 운행지역을 9개 마을로 늘리고, 75세 어르신 <b>코로나</b>19... 	광명시 공식블로그	https://blog.naver.com/gmcityhall	20210331
왜 <b>코로나</b>에만 그렇게 많은 제한을 두었을까?	https://blog.naver.com/catsonmoon?Redirect=Log&logNo=222283529706	<b>코로나</b> <b>코로나</b> 백신 <b>코로나</b> <b>코로나</b> 백신 이 비디오의 번역은 다음과 같습니다. 세계에는 100만 명의 <b>코로나</b> 사망자가 있습니다. 178만명의 에이즈 사망자가 있습니다. 뇌졸증으로 6백만 명이... 	라엘리안 진아	https://blog.naver.com/catsonmoon	20210322
김치에서 찾은 에이즈(<b>코로나</b>, A형 독감)바이러스 소독물질	https://blog.naver.com/nibr_bio?Redirect=Log&logNo=222300237835	<b>코로나</b>19 확산을 계기로 국립생물자원관은 2017년에 김치에서 분리한 항균력 우수 유산균... 엔아이비알97, 어떻게 활용할 수 있을까 <b>코로나</b>19 지역 감염 후 일상 속에서 소독용 알코올을 사용하는 일이... 	국립생물자원관	https://blog.naver.com/nibr_bio	20210406
강동구, WHO가 우수성을 인정한  <b>코로나</b>19 대응	https://blog.naver.com/tynews?Redirect=Log&logNo=222308120737	기자] <b>코로나</b>19시대, 강동구(구청장 이정훈)의 건강취약계층 대응사례가 국내 지방자치단체 최초로... 국제적 네트워크를 통해 국내외 건강도시를 주도적으로 이끌고 있는 중에, 신종 <b>코로나</b>바이러스... 	토요저널	https://blog.naver.com/tynews	20210413
거제시 <b>코로나</b>19 예방접종센터 접종 모의 훈련 현장에 가다	https://blog.naver.com/geojecity?Redirect=Log&logNo=222308166487	일상을 되찾기 위한 안전한 <b>코로나</b>19 백신 접종 지난 4월 7일 거제시체육관에는 <b>코로나</b>19 백신 예방접종 모의훈련이 있었습니다. 이달 15일부터 본격적으로 백신 접종이 시작되는데요. 거제시민 모두의 접종을... 	거제시 공식 블로그	https://blog.naver.com/geojecity	20210413
<b>코로나</b>와 교통	https://blog.naver.com/mireest?Redirect=Log&logNo=222305442407	와 <b>코로나</b>로 집콕하던 건 작년의 일일 뿐인가. 날씨 좋다고 서울의 차란 차는 다 거리로 나온 거 같다.... 아무튼 <b>코로나</b>인데 쫌 나들이 좀 자제하자요. 휴게소에도 사람이 너무 많고~~ 아 저는 정말 안 가면 안되는... 	샤라라~ 미리별	https://blog.naver.com/mireest	20210410
경주시 <b>코로나</b>19 백신접종 모의훈련	https://blog.naver.com/gyeongju_e?Redirect=Log&logNo=222301909979	안녕하세요 경주시입니다~^^ 경주시는 지금 경주시 <b>코로나</b> 19 예방접종센터(실내체육관)개소를 앞두고, 시민분들을 모시기 전에 시설 전반을 점검하고자 4월 7일 <b>코로나</b>19 백신접종 모의훈련을... 	경주애♥ - 경주시 공식블로그	https://blog.naver.com/gyeongju_e	20210407
<b>코로나</b> 식당칸막이 어떻게 해야할까?	https://blog.naver.com/supersy16?Redirect=Log&logNo=222301545335	<b>코로나</b>는 왜 종식되지 않고 2,3,4차 유행으로 확산되는 것일까요? 정부정책, 국민들의 인식과 생활... 그래서 오늘은 <b>코로나</b>로 큰 고통을 받고 있는 식당칸막이에 대해서 알아보고자 합니다. 방역수칙 강화(2021년... 	주식회사 쿨웨이	https://blog.naver.com/supersy16	20210407
<b>코로나</b> 접종 열심히 하고 계신가요?	https://blog.naver.com/wolf9717?Redirect=Log&logNo=222306360257	참 어이가없다 저 이야기의 전제조건은 백신이 사회적 면역체계를 완성시킬수 있다라는건대 그럼 변이 <b>코로나</b> 바이러스는?? 그건 뭐 걸리던 말던 원조 <b>코로나</b>만 아니면 괜찮은건가? 암튼 백신접종은... 	┏ Νeνer..ＬΟＳΕ..Ηope..with God ┒	https://blog.naver.com/wolf9717	20210411
[미싱꾼네 프로젝트] 7차 후기 :D  (<b>코로나</b>기부마스크)	https://blog.naver.com/sewing9233?Redirect=Log&logNo=222280769005	7차 (<b>코로나</b> 기부 마스크 수량) 성인용마스크 823개 아동용마스크 130개 성인용스트랩 1132개... 목령사회복지관에서는 <b>코로나</b>19 의약품키트로 50분, 저소득반찬배달 서비스 95분, 노인맞춤돌봄서비스 350분... 	미싱장인의 딸래미,미싱꾼아내의 빛나는 소잉블로그	https://blog.naver.com/sewing9233	20210319
포스트 <b>코로나</b> 시대의 동대문구 여행법	https://blog.naver.com/ddm4you?Redirect=Log&logNo=222295028937	지난해부터 가장 많이 들었던, 가장 많이 했던 말을 꼽으라면 아마도 &quot;<b>코로나</b> 때문에…&quot;겠지요? <b>코로나</b>때문에 집에만 콕 박혀있거나 외부활동에 제한이 많은 요즘... #동대문구 는 #포스트 #<b>코로나</b>... 	동대문구청 공식 블로그	https://blog.naver.com/ddm4you	20210401
PCR검사 <b>코로나</b>19, 성병 진단 시 쓰입니다	https://blog.naver.com/kahp_blog?Redirect=Log&logNo=222302617738	<b>코로나</b>19 관련 기사를 살펴보면 ‘PCR 검사’라는 단어가 많이 보입니다. 일반적으로 바이러스... 현재 <b>코로나</b>19 진단에는 실시간 유전자 증폭 검사 방식이 활용되고 있습니다. PCR 검사란? ‘PCR... 	건강일기	https://blog.naver.com/kahp_blog	20210408
<b>코로나</b>바이러스감염증-19 대응 관련 서면 브리핑 (21.04.13.)	https://blog.naver.com/daegu_news?Redirect=Log&logNo=222308203084	<b>코로나</b>바이러스감염증-19 대응 관련 서면 브리핑(427보) □ 2021년 4월 13일 화요일, <b>코로나</b>19 대응 관련 대구광역시 재난안전대책본부 서면 브리핑 자료입니다. □ 대구시의 확진환자 현황입니다.... 	대구광역시 공식 블로그, 컬러풀 대구!	https://blog.naver.com/daegu_news	20210413
<b>코로나</b> 저리가! 플라즈마케어!!	https://blog.daum.net/junimam/15856195	<b>코로나</b>19로부터 공기를 지킨다 빠르고 완벽한 바이러스제거 ‘플라즈마케어’ 공기청정기는 가라...<b>코로나</b> 확산에 항균·항바이러스 공기살균정화기 수요 급증 공기살균정화기 시장의 신강자 존플라즈마... 	콩알콩알우리집	https://blog.daum.net/junimam	20210331
삼척시, <b>코로나</b>19로 타격입은 임업인에게 바우처 지원	https://blog.naver.com/samcheokcityhall?Redirect=Log&logNo=222307313952	삼척시가 <b>코로나</b>19로 어려움을 겪고 있는 지역 임업인들을 위해 '임업인 바우처'를 지원한다고 해요! 이번 바우처는 임가당 100만원이 지원되는 ' <b>코로나</b> 극복 영림지원 바우처 '와 임가당 30만원이 지원되는... 	삼척시	https://blog.naver.com/samcheokcityhall	20210412
3번째 <b>코로나</b> 자가격리.	https://blog.naver.com/mesites58?Redirect=Log&logNo=222302890980	달리 <b>코로나</b>는 더 기승을 부려 사람들의 발을 꽁꽁 묶어 꼼짝 못하게 하고 있는 것은 물론 점점 더 가까이 다가오는 것 같더니... 사무실에 출근한 남편으로부터 연락이 왔다. 오늘 <b>코로나</b> 검사를 받는다고..... 	"""엘룩"" (Elluk)"	https://blog.naver.com/mesites58	20210408
[K방역]의 허상 - <b>코로나</b>19  예방(백신) 주사 접종률 2%	https://blog.naver.com/freeofego?Redirect=Log&logNo=222308922636	제가 과거부터 이야기했듯이 <b>코로나</b>19 방역의 허상이 까발려지고 있다. <b>코로나</b>19가 처음 퍼지고 영업정지 등 각종 행정명령으로 국민들을 꽁꽁 묶어두다시피하고 동시에 높은 시민의식으로 자제력을 발휘한... 	키스 더 프리덤(Kiss The Freedom)	https://blog.naver.com/freeofego	20210413
[더민주 비상대책위] <b>코로나</b>19 대응 전문가 간담회	https://blog.naver.com/hanjungkim?Redirect=Log&logNo=222308478072	더불어민주당 비상대책위원회 <b>코로나</b>19 대응 전문가 간담회가 열렸습니다. 도종환 비상대책위원장... 최근 <b>코로나</b>19 확진자 수가 600명대에 달하면서,K 방역 시스템에 대한 근본적인 점검 필요성이 제기되고... 	더불어민주당 <남양주을>	https://blog.naver.com/hanjungkim	20210413
오태완 군수 - <b>코로나</b>19 군민의 건강을 지키는 것이 최우선	https://blog.naver.com/uiryeonginfo?Redirect=Log&logNo=222308129801	의령군(군수 오태완)은 4월 12일 <b>코로나</b>19 감염병 방역 추진상황 보고회를 개최하였습니다. 오태완 의령군수 주재로 개최된 보고회는 부군수, 국장, 읍·면장 등 간부공무원 40여명이 참석한 가운데 <b>코로나</b>19... 	"경상남도 의령군 공식블로그 ""의령이야기"""	https://blog.naver.com/uiryeonginfo	20210413
<b>코로나</b> 백신 접종  일정 및 백신 접종에 대한 서울시의회 대응	https://blog.naver.com/seoulcouncil?Redirect=Log&logNo=222300457764	2021년 2분기 예방접종 실시 3월 4주차부터 <b>코로나</b> 백신 접종이 순차적으로 시작되었습니다. 질병관리청의 <b>코로나</b> 19 예방접종 2분기 추진목표는 1) 상반기 총 1,200만명 대상으로 접종(1차) 준비 2) 집단감염과... 	서울특별시의회 공식블로그	https://blog.naver.com/seoulcouncil	20210406
<b>코로나</b>19 21.4.13.(화) 14시 기준 발생현황 및 주요조치사항	https://blog.naver.com/dodreamgj?Redirect=Log&logNo=222308422007	권고 <b>코로나</b>19 예방접종 추진 현황 (2021. 4. 13. 13:00기준) ❍ 예방접종 진행현황 (단위: 명... 26.) <b>코로나</b>19 1차대응요원 1,638 1,430 0 1,378 84.1 - - AZ (3.8.) 고위험 의료기관 종사자 18,430 17,745... 	광주광역시	https://blog.naver.com/dodreamgj	20210413
<b>코로나</b>19 예방접종증명서 발급되나요?	https://blog.naver.com/mohw2016?Redirect=Log&logNo=222269340169	출처: 질병관리청 이에 따라 <b>코로나</b>19 예방접종을 받은 경우에도 예방접종증명서 발급이 가능하며, 2021년 2월 26일부터 발급을 진행하고 있습니다. 출처: 질병관리청 어떻게 발급받나요? <b>코로나</b>19 예방접종을... 	[보건복지부] 따스한 메아리 따스아리	https://blog.naver.com/mohw2016	20210309
[카드뉴스]<b>코로나</b>19 백신 현황	https://blog.naver.com/alicegangnam?Redirect=Log&logNo=222302859554	Previous image Next image <b>코로나</b>19 백신 현황 <b>코로나</b>19 백신 및 예방접종 전문가 특별대담 <b>코로나</b>19 백신 예방접종이 드디어 시작됐다. &lt;강남라이프&gt;는 지난 3월 9일 백신의 안정성, 예방접종의 효과 그리고... 	강남구청 공식 블로그	https://blog.naver.com/alicegangnam	20210408
383] 유럽연구도서관협회(LIBER), <b>코로나</b>19 관련 설문조사... 	https://blog.naver.com/dibrary1004?Redirect=Log&logNo=222308677726	&lt;01&gt; 유럽연구도서관협회(LIBER), <b>코로나</b>19 관련 설문조사 결과 보고서 ③ 2020년 12월 3일 유럽연구도서관협회(Association of European Research Libraries, LIBER)'는 <b>코로나</b>19(COVID-19)가 유럽 전역의 연구도서관에... 	국립중앙도서관 블로그	https://blog.naver.com/dibrary1004	20210413
세종 <b>코로나</b> 구호물품(자가격리키트) 받았다	https://blog.naver.com/sonwooram?Redirect=Log&logNo=222303349341	세종 <b>코로나</b> 구호물품(자가격리키트) 받았다 세종시 초등학교 확진자 발생으로 우리가족 모두 <b>코로나</b>검사를 완료. 모두 음성을 받아서 다행. 그리고 #자가격리 대상자로 분류된 아이와 함께 가족이 다같이... 	내가 보고 찍고 싶은 세상	https://blog.naver.com/sonwooram	20210408
갑분 <b>코로나</b>검사 후기	https://blog.naver.com/playlimssu?Redirect=Log&logNo=222303917592	ㅠㅠ 너무 겁이나서 <b>코로나</b>증상을 검색해봤더니 구토 메스꺼움도 <b>코로나</b>증상에 속했다 ㅡㅡ 오만생각이 다 들었다 ....... 제일먼저 우리 연우... 와 진짜 조심한다고 했는데 내가 아무리 조심해도 어떤상황이... 	임쑤랑놀자	https://blog.naver.com/playlimssu	20210409
<b>코로나</b>19 이후 공급망 리스크 개선 방안	https://blog.naver.com/dhl_korea?Redirect=Log&logNo=222307091450	<b>코로나</b>19로 전 세계의 거대 공급처인 중국의 생산 공장이 대거 문을 닫았습니다. 중국발 공급망... <b>코로나</b>19로 인한 경기 침체가 완전히 회복하는 데 얼마나 오래 걸릴지 아무도 알 수 없습니다. 이에 기업의 1... 	DHL 공식블로그	https://blog.naver.com/dhl_korea	20210413
<b>코로나</b>직계가족모임 예외에 해당하는 상황은?	https://blog.naver.com/juyous?Redirect=Log&logNo=222301860723	여전히 <b>코로나</b>19가 1년 넘게 지속하고 있는 상황입니다. 정부에서는 사회적거리두기를 통해 감염 경로를... 이에 따라 <b>코로나</b>직계가족모임에 대해 궁금해하시지 않을까 싶습니다. 확인해보는 시간을... 	수다장이♬	https://blog.naver.com/juyous	20210407
영국 <b>코로나</b> 집단면역  70% 달성 소식	https://blog.naver.com/badymeo?Redirect=Log&logNo=222306574999	지난 1월 하루 6만 명을 넘어섰던 영국의 <b>코로나</b>19 확진자 수가 어제 10일 2500명 수준으로 감소를... 영국에서 <b>코로나</b>19 항체를 보유한 사람의 비율이 54% 정도라고 밝혔습니다. 또 임페이얼 칼리지에서 발표한... 	유기농아빠학교	https://blog.naver.com/badymeo	20210411
해외출국용 <b>코로나</b>검사 RC-PCR 영문 확인서 받기 (건국대학병원)	https://blog.naver.com/keverei1?Redirect=Log&logNo=222304542983	출국을 위하여 <b>코로나</b> 19 테스트를 받았습니다. 요즘같은 시기에 출국할 일들이 많이 없으시겠지만... 요즘 무료로 <b>코로나</b> 테스트를 해주지만, 해외 출국을 위해서는 영문으로 된 확인서가 필요하기에 유료로... 	싱잉볼 마스터	https://blog.naver.com/keverei1	20210409
당진 <b>코로나</b> 좋은 상황 아니지만 그래도 복숭아꽃 배꽃은 예쁘다	https://blog.naver.com/wed1204?Redirect=Log&logNo=222308831280	당진 <b>코로나</b> 상황이 지금 별로 좋지 않아요. 부활절이 지나면 교회 발 늘 것이라고 하더니 진짜 여러... 당진 <b>코로나</b> 확진자가 우리 동네에서도 나오는 바람에 다시 온라인 예배로 전환하자는 의견도 만만치... 	청금. 또 하나의 열매를 바라시며	https://blog.naver.com/wed1204	20210413
<b>코로나</b>19, 지금 시청자미디어센터에서는?	https://blog.naver.com/kcc1335?Redirect=Log&logNo=222304206220	<b>코로나</b>19로 인해 현장 교육과 행사가 어려워진 요즘, 미디어 교육은 어떻게 진행되고 있을까요? 각... 방문하여 <b>코로나</b>19에 대응한 방역조치 준수 현황과 미디어 교육 및 체험 서비스 제공 현황을 점검했습니다.... 	대한민국 방송통신위원회	https://blog.naver.com/kcc1335	20210409
<b>코로나</b>19 조기접종 위탁의료기관 예방접종 시행	https://blog.naver.com/wowjejusi?Redirect=Log&logNo=222308701987	<b>코로나</b>19 조기접종 위탁의료기관 예방접종 시행 - 4월 12일부터 사전예약 실시 - 제주시는 오는 4월 19일부터 <b>코로나</b>19 조기접종 위탁의료기관에서 예방접종을 시행합니다. 해당 조기접종 대상자는... 	제주시청 공식 블로그	https://blog.naver.com/wowjejusi	20210413
영등포 보건소 선별진료소에서 <b>코로나</b> 검사 받은 후기	https://blog.naver.com/mhj5333?Redirect=Log&logNo=222305284259	<b>코로나</b> 검사 in 영등포 보건소 선별진료소 <b>코로나</b>..백신 나온 이후로는 하루에 몇 명 확진자가 나오는지 전혀 무관심했었는데, 최근에 좀 급증하는 것 같더니 결국! 우리회사에서도 확진자가 발생하게 되었다... 	What you Want-♪	https://blog.naver.com/mhj5333	20210411
영국 <b>코로나</b>로 런던 비행기판 기생충	https://blog.naver.com/ppoppopia?Redirect=Log&logNo=222301217834	영국 <b>코로나</b>로 인해 영국발 항공편 운항중단이 3주 더 또 연장이 됐습니다 작년 12월 23일 부터 다음달 4월 1일까지로 총 기간은 4개월인 넘습니다 영국 <b>코로나</b> 변이바이러스로 항공사에는 어떤 일들이... 	::스튜어디스 비비아나의 플라이트 홀릭::	https://blog.naver.com/ppoppopia	20210407
호흡기전담클리닉 <b>코로나</b>검사	https://blog.naver.com/alacysoxht?Redirect=Log&logNo=222302600511	호흡기전담클리닉 <b>코로나</b>검사 -하나이비인후과 강남본원에서 알려드리는 호흡기전담클리닉 <b>코로나</b>검사- 안녕하세요. 하나이비인후과 강남본원입니다. 최근 몇 주간 <b>코로나</b>19 일별 신규 확진자 수가 조금씩... 	하나이비인후과병원 강남본원	https://blog.naver.com/alacysoxht	20210408
<b>코로나</b>19 오산-386 확진자 발생	https://blog.naver.com/osan_si?Redirect=Log&logNo=222307170250	#오산시_<b>코로나</b>19비상대응_637보 <b>코로나</b>19 오산-386 확진자 발생 &lt;4월 12일(월) 12:00 기준&gt; ※ 확진자에 대한 역학조사와 함께 방역소독 진행중으로 파악된 접촉자는 즉시 격리 및 검사조치 되며 아래 내용은... 	오산시 블로그	https://blog.naver.com/osan_si	20210412
<b>코로나</b>에 비상 걸린 해외주재원 안전!	https://blog.naver.com/iwillgetit?Redirect=Log&logNo=222304838801	<b>코로나</b>가 1년 이상 지속되자 세계 곳곳에서 아시아계를 향한 증오범죄가 발생되고 있다. 미국이... 그런데 <b>코로나</b> 상황에서 나타나고 있는 아시아계에 대한 증오범죄는 양상이 좀 다르다. <b>코로나</b>로 인해... 	해외주재원의 세계	https://blog.naver.com/iwillgetit	20210410
<b>코로나</b>19 오산-387 확진자 발생	https://blog.naver.com/osan_si?Redirect=Log&logNo=222308401755	#오산시_<b>코로나</b>19비상대응_639보 <b>코로나</b>19 오산-387 확진자 발생 &lt;4월 13일(화) 13:00 기준&gt; ※ 확진자에 대한 역학조사와 함께 방역소독 진행중으로 파악된 접촉자는 즉시 격리 및 검사조치 되며 아래 내용은... 	오산시 블로그	https://blog.naver.com/osan_si	20210413
<b>코로나</b>로 변한 공간의 변화	https://blog.naver.com/lovecsh84?Redirect=Log&logNo=222304112200	요즘 <b>코로나</b> 때문에 변한 것들이 한두 가지가 아니죠?ㅠ.. 이러한 시대 변화에 따라 새롭게 떠오르는 '일상'을 New normal이라고 표현한다네요. 지금 상황에 딱 맞는 말 같아요ㅠ 그래서 오늘은 <b>코로나</b>로 인해... 	Turtle♡의 인테리어군과 디자인양의 이야기	https://blog.naver.com/lovecsh84	20210410
비접촉 체온계 <b>코로나</b> 방역 시대의 필수품!!	https://blog.naver.com/pressinfo?Redirect=Log&logNo=222300501396	<b>코로나</b>시대에서는 더욱 그런것 같습니다. 하루 확진자 100명만 넘어도 온 나라가 떠들썩했던 적이 얼마전인데 이젠 일일 400명, 500명대로 계속해서 확진자가 나오더라도 무덤덤한 일상입니다. 지난해 <b>코로나</b>... 	여행과 캠핑으로 돋아나기	https://blog.naver.com/pressinfo	20210406
JTBC [차이나는 클라스] 200회 특집 '애프터 <b>코로나</b>' 정해진... 	https://blog.naver.com/teamate?Redirect=Log&logNo=222290135632	JTBC [차이나는 클라스] 200회 특집 '애프터 <b>코로나</b>' 정해진 미래 VS 새로운 미래 2021.3.25(목) / 4.1(목) 22:30... <b>코로나</b>19로 당연시해왔던 마스크, QR 코드를 너무 당연시 하지 않았던가? 의심하라 문제제기를 한다.... 	배시시의 기억 보조 공간	https://blog.naver.com/teamate	20210328
<b>코로나</b>19 끝나면 가고픈 해외여행지, 헛된 꿈을 꾸었구나...	https://qtotpz.tistory.com/4252	반응형 <b>코로나</b>19 백신 접종이 한창이죠. 확진수가 반비례로 줄어들면 좋은데 왜 변화가 없죠? ㅠㅠ 며칠... ㅋ <b>코로나</b>19 끝나면 가고픈 해외여행지, 들어보실려오? ㅋㅋ 일단 오복이가 한자에 관심이 많고... 	*: 심심할땐? 뽀랑놀자! :*	https://qtotpz.tistory.com/	20210402
<b>코로나</b>백신 2차접종을 마치다	https://blog.naver.com/estheryoo5?Redirect=Log&logNo=222307974361	지난 3월 15일 <b>코로나</b> 백신 1차 접종을 했고 4주 지난 오늘, 2차 접종을 하러 뉴욕 Belmont Park에 도착했어요. 줄을 서서 건물 안으로 입장하면 발열 체크를 한 뒤 이 넓은 예약확인실로 들어옵니다. 미국은... 	에스더의 요리세상, 뉴욕생활 그리고 여행	https://blog.naver.com/estheryoo5	20210413
천안시, 실내체육시설 종사자 <b>코로나</b>19 선제검사 실시	https://blog.naver.com/fastcheonan?Redirect=Log&logNo=222308208406	<b>코로나</b>19 확산 방지를 위해 실내체육시설 종사자들은 적극적인 협조 부탁드립니다! 안녕하세요. 천안시입니다. 천안시가 신종 <b>코로나</b>바이러스감염증 4차 유행을 예방하기 위해 대면 접촉이 잦은 관내... 	새로운 천안 행복한 시민	https://blog.naver.com/fastcheonan	20210413
대전 유성구 <b>코로나</b>19 예방, 비대면 방역게이트를... 	https://blog.naver.com/yuseonggu?Redirect=Log&logNo=222293216474	대전 유성구 <b>코로나</b>19 예방, 비대면 방역게이트를 유성온천역에서 만나보세요. 유성온천역을... 대전 도시철도공사에서 작년 12월부터 1월 사이에 실시한 도시철도 <b>코로나</b> 19 방역에 대한 의견수렴 결과를 2월... 	유성구 공식 블로그	https://blog.naver.com/yuseonggu	20210330
<b>코로나</b>19 경제위기를 함께 극복하겠습니다.	https://blog.naver.com/mltmkr?Redirect=Log&logNo=222293606619	장충모)는 <b>코로나</b>19 장기화에 따른 경기 침체로 어려움을 겪고 있는 소상공인 및 임대주택 입주민... 먼저, <b>코로나</b>19가 장기화됨에 따라 어려움을 겪고 있는 소상공인 지원을 위해 주택도시기금이 출자한... 	국토교통부	https://blog.naver.com/mltmkr	20210331
장기 인지 기능 장애를 일으키는 <b>코로나</b> 19 감염	https://blog.naver.com/jjy0501?Redirect=Log&logNo=222289733534	Credit: National Institute of Allergy and Infectious Diseases, NIH) <b>코로나</b> 19 감염 후 완치 판정을 받고... 연구팀은 <b>코로나</b> 19로 확진되었으나 입원이 필요하지는 않은 수준의 경증 환자로 완치... 	고든의 블로그	https://blog.naver.com/jjy0501	20210331
승학온천레포츠와 <b>코로나</b> 검사	https://blog.naver.com/countinstars?Redirect=Log&logNo=222298769801	승학온천레포츠에서<b>코로나</b> 확진자가 대거 나왔다고 한다. 일한다고 문자가 온지도 몰랐는데백여사의 덕이다. 2.<b>코로나</b> 검사 재난 문자에서3. 12.(금)~3. 31.(수)승학온천스프츠랜드 건물전체 이용자는인근 보건소... 	Counting Stars	https://blog.naver.com/countinstars	20210405
일하다 <b>코로나</b>19 감염되면 산재 신청하세요!!	https://blog.naver.com/comwel2009?Redirect=Log&logNo=222276276141	좀처럼 잡히지 않는 <b>코로나</b>19 업무 수행 중 <b>코로나</b>19에 걸린다면?? 걱정마세요!! 일하다 <b>코로나</b>19 감염되면 산재보상 가능하니 산재 신청하세요! 업무 수행 과정에서 <b>코로나</b>19에 감염되면? 업무 수행... 	근로복지공단 대표 공식블로그 희망누리	https://blog.naver.com/comwel2009	20210315
온라인 토크콘서트! - 120일간의 시민사회 <b>코로나</b>19 대응 이야기	https://blog.naver.com/prkoica?Redirect=Log&logNo=222292615232	시민사회 <b>코로나</b>19 대응 이야기 안녕하세요! 밍턴기자입니다.! 지난 24일에 개최되었던 코이카 온라인 토크콘서트 다들 참여하셨나요? 코이카에서는 개발도상국의 <b>코로나</b> 19 대응을 위해 120일간 18개의 사업... 	한국국제협력단 KOICA	https://blog.naver.com/prkoica	20210330
브이쿨 우수시공점 틴하우스의 <b>코로나</b>19 대비	https://blog.naver.com/vkool1142?Redirect=Log&logNo=222301834283	<b>코로나</b>19로 인핸 많은 자영업자를 비롯한 대한민구 국민분들께서 많이 힘들어하고 있습니다. 빠르게 <b>코로나</b>19가 종식되어 답답한 마스크를 벗고 소중한 사람들과의 편한 만남을 가졌으면 좋겠습니다. 브이쿨... 	브이쿨 일산서구점	https://blog.naver.com/vkool1142	20210407
News Photo Awards(<b>코로나</b>극복) 보도사진공모전 수상작	https://blog.naver.com/benever?Redirect=Log&logNo=222274907567	Overcoming COVID <b>코로나</b>극복 사진공모전 러시아의 국영통신사인 ITAR-TASS가 주최한 사진공모전으로, <b>코로나</b>사태가 시작된지 한 해가 넘어가는 시점에, 그리고 백신이 성공적으로 개발되어... 	온라인 사진갤러리	https://blog.naver.com/benever	20210314
평범하지만 따뜻한 일상, 취미가 같은 딸과 함께 <b>코로나</b> 블루... 	https://blog.naver.com/incheontogi?Redirect=Log&logNo=222286794055	평범하지만 따뜻한 일상 취미가 같은 딸과 함께 <b>코로나</b> 블루 극복하기 사회적 거리 두기로 행동이 자유롭지 못한 요즘, 어떻게 지내고 계시나요? 금방 끝날 줄 알았던 <b>코로나</b>19도 1년이 지나 장기화되고 행동이... 	인천광역시 공식 블로그	https://blog.naver.com/incheontogi	20210325
<b>코로나</b>19 일일상황을 알려드립니다.(4.13)	https://blog.naver.com/seosan_city?Redirect=Log&logNo=222308207889	<b>코로나</b>19와 관련하여 알려드립니다. [2021. 04. 13.(화), 11:00] 1. 우리시는 4월 8일부터 만 75세 이상... <b>코로나</b> 19 예방접종은 고위험군의 감염을 예방하고 중증으로 이환되는 것을 막는 가장 효과적인 수단입니다.... 	서산시 공식블로그	https://blog.naver.com/seosan_city	20210413
동해시 <b>코로나</b>19 시민소통문-140보	https://blog.naver.com/sunrisectdh?Redirect=Log&logNo=222308425728	[동해시 <b>코로나</b>19 시민소통문-140보] 1. 4월 13일(화) 0시 기준 <b>코로나</b> 확진자 현황 - 전국 확진자 현황 신규 발생 542명 (국내 528명, 해외 14명), 격리 중 7,581명, 격리해제 101,332명, 누적 확진자 총 110,688명... 	동트는 동해, 동해시 블로그	https://blog.naver.com/sunrisectdh	20210413
<b>코로나</b> 장기전, 개인회생 파산 무료 상담센터	https://blog.naver.com/jonghyuk54?Redirect=Log&logNo=222273163697	<b>코로나</b> 장기전, 개인회생 파산 무료 상담센터 한 개인의 잘못이라 볼 수 없는 경제적 지표의 변동은 곧 서민들의 가계부채를 증가시키고 수입은 축소시키는 대대적인 영향을 불러오곤 합니다. 이번 <b>코로나</b>... 	2011년	https://blog.naver.com/jonghyuk54	20210312
[4월 13일(화) 13:00 기준] 오산시 <b>코로나</b>19 현황	https://blog.naver.com/osan_si?Redirect=Log&logNo=222308420597	#오산시_<b>코로나</b>19비상대응_640보 [4월 13일(화) 13:00 기준] 오산시 <b>코로나</b>19 현황 ○ 확진 : 387명(격리 20, 격리해제 367) ○ 검사 중 : 1,043명 ○ 검사결과 : 양성 1명 / 음성 276명... 	오산시 블로그	https://blog.naver.com/osan_si	20210413
<b>코로나</b>와 뇌(腦) 질환과의 연관성	https://blog.naver.com/propolis5?Redirect=Log&logNo=222306713934	<b>코로나</b>19가 호흡기 감염 질환을 넘어 뇌(腦) 질환의 일종으로 간주해야 한다는 것이다. 충격적인 연구 결과 내용이다. <b>코로나</b>10 생존자의 34%가 병에서 회복된 지 6개월 이내에 신경학적, 심리학적 질환 진단을... 	제국의 女王 추완	https://blog.naver.com/propolis5	20210412
<b>코로나</b> 바이러스 감염증 시대의 위기를 기회로 만드는 건축	https://blog.naver.com/adbrain0518?Redirect=Log&logNo=222271534365	<b>코로나</b> 바이러스 감염증 시대의 위기를 기회로 만드는 건축 House-in-Benahavis / by-Fran-Silvestre-Arquitectos 여행이 금지된 시대에 사는 우리는 이상적인 공간을 찾아 휴식을 취하길 갈망한다. <b>코로나</b>가... 	살고 싶은 집! 짓고 싶은 집!	https://blog.naver.com/adbrain0518	20210311
<b>코로나</b> 검사결과시간 , 비용 보호자 <b>코로나</b>검사	https://blog.naver.com/itski486?Redirect=Log&logNo=222299177219	<b>코로나</b> 검사결과시간 , 비용 보호자<b>코로나</b>검사 전국 각지에서 <b>코로나</b> 감염이 확산되고 있는 요즘 수도권 / 비수도건 환자수가 동시 증가하고 있다고 중대본에서 발표하더라구요. <b>코로나</b>19 끝날 기미는 보이지... 	오늘도 시우❤️	https://blog.naver.com/itski486	20210405
<b>코로나</b> 시대, 영화관의 생존전략	https://blog.naver.com/mosfnet?Redirect=Log&logNo=222259050165	<b>코로나</b>19의 여파와 영화관의 난항 <b>코로나</b> 사태가 장기화되면서 많은 자영업자, 사업이 타격을 입었습니다. 영화산업 역시 이를 피하지 못했습니다. 사회적 거리두기 1단계의 경우 기본방역수칙 의무화로... 	기획재정부 경제e야기	https://blog.naver.com/mosfnet	20210227
김포시의 <b>코로나</b>19 극복 방법, 공영주차장 요금 1시간 감면 정책!	https://blog.naver.com/gimpo2010?Redirect=Log&logNo=222285777899	김포시가 <b>코로나</b>19를 극복하기 위한 정책 시행을 연장했다고 합니다. 과연 그 정책이 무엇일지 카드 뉴스로 만나보시죠! 김포시의 <b>코로나</b>19 극복 정책은 '공영주차장 1시간 무료' 정책입니다! 작년 (2020년)... 	김포시청 블로그	https://blog.naver.com/gimpo2010	20210324
증산도에서는 <b>코로나</b> 다음 전염병을 어떻게 예측하세요?	https://blog.naver.com/gnbone?Redirect=Log&logNo=222303756755	(프랭크 라이언, &lt;바이러스 X&gt; 중에서) 프랭크 라이언 박사의 저작 &lt;바이러스 X&gt; 현재 우리 인류는 2019년 11월에 첫 발생한 중국 우한 발 <b>코로나</b>바이러스로 인하여 커다란 고통에 직면해 있다. 이 <b>코로나</b>-19는... 	증산도, 참 진리의 세계	https://blog.naver.com/gnbone	20210409
<b>코로나</b>19로부터 가족을 지키는 슬기로운 집안생활	https://blog.naver.com/storysb?Redirect=Log&logNo=222285906414	<b>코로나</b>19가 발생한 지 어느 덧 1년이 지났습니다. 백신 예방접종을 시작하며 <b>코로나</b> 이전의 일상으로 돌아가기 위해 모든 분들이 노력하고 있는데요~ 하지만, 가족이 확진되어 감염되는 경우가 많아지면서... 	성북구청 공식 블로그	https://blog.naver.com/storysb	20210324
<b>코로나</b>19 이후, 학교생활은 어떻게 달라졌을까? : 2020 vs... 	https://blog.naver.com/moeblog?Redirect=Log&logNo=222285756872	<b>코로나</b>19로부터 무방비 상태였던 2020년과는 달리 1년이 지난 지금, 학교의 모습이 어떻게 바뀌었는지... <b>코로나</b>19 이전에는 활발하게 진행되던 조별 활동이 2020년에는 거의 없었다고 합니다. 발표, 토의와 같은... 	교육부	https://blog.naver.com/moeblog	20210329
